1180213580,513,
P,61,45585,49743
P,63,45585,49743
P,61,49743,63283
P,63,49743,63283
P,63,45586,49744
P,63,49744,63284
P,63,45587,49747
P,63,49747,64076
P,63,45620,49748
P,63,49748,64125
P,63,45621,49749
P,63,49749,64126
P,63,45661,49750
P,63,49750,64127
P,63,45679,49753
P,63,49753,64136
P,63,45680,49754
P,63,49754,64145
P,63,45681,49763
P,63,49763,64146
P,63,45682,49764
P,63,49764,64147
P,63,49769,64148
P,63,45755,49770
P,63,49770,64157
P,63,45756,49773
P,63,49773,64158
P,63,45758,49774
P,63,49774,64165
P,63,45759,49775
P,63,49775,64166
P,61,49776,64167
P,63,49776,64167
P,61,45773,49777
P,63,45773,49777
P,61,49777,64168
P,63,49777,64168
P,63,45782,49778
P,63,49778,64177
P,63,49790,49818
P,63,49818,64201
P,61,45783,49819
P,63,45783,49819
P,61,49819,64202
P,63,49819,64202
P,63,49830,49831
P,63,49831,64214
P,63,49833,49920
P,63,49920,64215
P,63,45786,49921
P,63,49921,64216
P,63,45787,50132
P,63,50132,64255
P,51,45578,49732
P,51,45578,62728
P,51,49732,62728
P,63,45788,50133
P,63,50133,64256
P,63,45789,50139
P,63,50139,64269
P,63,45801,50140
P,63,50140,64305
P,63,50145,50146
P,63,50146,64306
P,61,45802,50169
P,63,45802,50169
P,61,50169,64307
P,63,50169,64307
P,63,45803,50170
P,63,50170,64308
P,63,45804,50179
P,63,50179,64326
P,63,45810,50180
P,63,50180,64327
P,63,45811,50185
P,63,50185,64328
P,63,45840,50186
P,63,50186,64329
P,63,45845,50212
P,63,50212,64330
P,63,45846,50213
P,63,50213,64331
P,73,45847,50249
P,73,50249,64332
P,73,45855,50285
P,73,50285,64333
P,73,50299,50300
P,73,50300,64334
P,73,45858,50309
P,73,50309,64335
P,73,45859,50310
P,73,50310,64336
P,73,45860,50315
P,73,50315,64337
P,73,45861,50316
P,73,50316,64340
P,73,45862,50318
P,73,50318,64341
P,73,45863,50319
P,73,50319,64342
P,73,50330,50331
P,73,50331,64343
P,73,45868,50332
P,73,50332,64344
P,73,45869,50335
P,73,50335,64345
P,73,45870,50336
P,73,50336,64346
P,73,45871,50337
P,73,50337,64347
P,73,45875,50338
P,73,50338,64348
P,73,45876,50341
P,73,50341,64349
P,73,46001,50342
P,73,50342,64350
P,73,46006,50345
P,73,50345,64351
P,73,46017,50346
P,73,50346,64352
P,73,46018,50347
P,73,50347,64353
P,73,50348,64354
P,22,35022,35018
P,24,35022,35018
P,22,35022,37728
P,24,35022,37728
P,22,35087,35075
P,24,35087,35075
P,22,36400,35087
P,24,36400,35087
P,22,37728,35018
P,24,37728,35018
P,73,46020,50357
P,73,50357,64355
P,71,46029,50358
P,73,46029,50358
P,71,50358,64356
P,73,50358,64356
P,71,46030,50363
P,73,46030,50363
P,71,50363,64357
P,73,50363,64357
P,73,46031,50364
P,73,50364,64358
P,73,46040,50424
P,73,50424,64359
P,73,46051,50425
P,73,50425,64360
P,73,46052,50430
P,73,50430,64361
P,73,46053,50431
P,73,50431,64362
P,73,50436,50452
P,73,50452,64363
P,24,35109,35107
P,24,40912,46099
P,24,40912,48478
P,24,46099,48478
P,24,47411,35109
P,73,46054,50453
P,73,50453,64364
P,73,46057,50454
P,73,50454,64365
P,73,46058,50457
P,73,50457,64366
P,73,50459,50461
P,73,50461,64367
P,73,46064,50467
P,73,50467,64368
P,73,46065,50468
P,73,50468,64369
P,73,46071,50469
P,73,50469,64370
P,71,46072,50470
P,73,46072,50470
P,71,50470,64371
P,73,50470,64371
P,73,50474,50475
P,73,50475,64372
P,73,46079,50476
P,73,50476,64373
P,73,64374,64375
P,73,64375,64376
P,73,46080,50486
P,73,50486,64427
P,71,46085,50487
P,73,46085,50487
P,71,50487,64428
P,73,50487,64428
P,71,46086,50488
P,73,46086,50488
P,71,50488,64431
P,73,50488,64431
P,73,46089,50489
P,73,50489,64432
P,73,46090,50498
P,73,50498,64433
P,73,46091,50499
P,73,50499,64434
P,73,46092,50500
P,73,50500,64435
P,73,46097,50501
P,73,50501,64436
P,73,46098,50502
P,73,50502,64439
P,73,46106,50504
P,73,50504,64440
P,43,46108,50505
P,43,50505,64441
P,43,46109,50506
P,43,50506,64442
P,41,46113,50507
P,43,46113,50507
P,41,50507,64443
P,43,50507,64443
P,43,46116,50508
P,43,50508,64448
P,43,46117,50509
P,43,50509,64471
P,43,46177,50511
P,43,50511,64472
P,43,46183,50512
P,43,50512,64524
P,43,50513,64525
P,43,46318,50514
P,43,50514,64526
P,43,46319,50515
P,43,50515,64649
P,43,46320,50516
P,43,50516,64650
P,43,46382,50518
P,43,50518,64813
P,24,42616,47319
P,24,42616,52349
P,24,47319,52349
P,43,46385,50519
P,43,50519,64814
P,43,46386,50520
P,43,50520,64905
P,43,46389,50521
P,43,50521,64906
P,43,50522,64932
P,41,46392,50524
P,43,46392,50524
P,41,50524,64933
P,43,50524,64933
P,43,46393,50525
P,43,50525,64949
P,43,46394,50526
P,43,50526,64958
P,43,46395,50527
P,43,50527,65017
P,43,50528,65018
P,43,46399,50529
P,43,50529,65019
P,43,46400,50530
P,43,50530,65020
P,43,46401,50531
P,43,50531,65021
P,43,50532,65022
P,43,46404,50533
P,43,50533,65023
P,43,46405,50534
P,43,50534,65024
P,41,46406,50535
P,43,46406,50535
P,41,50535,65025
P,43,50535,65025
P,43,65026,65031
P,43,65031,65032
P,43,46407,50536
P,43,50536,65033
P,43,46409,50537
P,43,50537,65034
P,43,46410,50538
P,43,50538,65035
P,43,50539,65036
P,43,46412,50540
P,43,50540,65037
P,43,46414,50541
P,43,50541,65038
P,41,46418,50542
P,43,46418,50542
P,41,50542,65039
P,43,50542,65039
P,41,46419,50543
P,43,46419,50543
P,41,50543,65040
P,43,50543,65040
P,83,46421,50545
P,83,50545,65041
P,83,46424,50546
P,83,50546,65042
P,83,46425,50549
P,83,50549,65043
P,81,46426,50550
P,83,46426,50550
P,81,50550,65044
P,83,50550,65044
P,83,46427,50551
P,83,50551,65047
P,83,50553,50554
P,83,50554,65048
P,83,46432,50556
P,83,50556,65100
P,83,50558,50559
P,83,50559,65101
P,83,46433,50560
P,83,50560,65102
P,83,46434,50561
P,83,50561,65103
P,81,46435,50562
P,83,46435,50562
P,81,50562,65104
P,83,50562,65104
P,83,50566,50567
P,83,50567,65105
P,83,46438,50568
P,83,50568,65108
P,83,65109,65110
P,83,65110,65111
P,83,50571,50576
P,83,50576,65129
P,83,46439,50577
P,83,50577,65130
P,83,50579,50583
P,83,50583,65131
P,83,46442,50585
P,83,50585,65132
P,21,45579,49735
P,21,45579,62729
P,21,49735,62729
P,24,45580,49736
P,24,45580,62730
P,24,49736,62730
P,24,45581,49737
P,24,45581,63277
P,24,49737,63277
P,22,45582,49738
P,24,45582,49738
P,22,45582,63278
P,24,45582,63278
P,22,49738,63278
P,24,49738,63278
P,22,45583,49741
P,24,45583,49741
P,22,45583,63281
P,24,45583,63281
P,22,49741,63281
P,24,49741,63281
P,22,45584,49742
P,24,45584,49742
P,22,45584,63282
P,24,45584,63282
P,22,49742,63282
P,24,49742,63282
P,83,46443,50587
P,83,50587,65133
P,83,46444,50607
P,83,50607,65134
P,83,46445,50608
P,83,50608,65135
P,83,46446,50634
P,83,50634,65136
P,83,46447,50635
P,83,50635,65137
P,83,46448,50667
P,83,50667,65138
P,83,46656,50668
P,83,50668,65139
P,83,46657,50676
P,83,50676,65140
P,83,46673,50677
P,83,50677,65141
P,83,46676,50689
P,83,50689,65142
P,83,46677,50690
P,83,50690,65143
P,83,46686,50691
P,83,50691,65144
P,83,46687,50692
P,83,50692,65145
P,83,46692,50693
P,83,50693,65146
P,83,46693,50694
P,83,50694,65147
P,83,46694,50696
P,83,50696,65148
P,83,46697,50716
P,83,50716,65149
P,83,65150,65151
P,83,65151,65152
P,83,50720,50721
P,83,50721,65153
P,83,65154,65155
P,83,65155,65156
P,83,50722,65157
P,83,47424,50726
P,83,50726,65158
P,83,47425,50727
P,83,50727,65159
P,81,47442,50728
P,83,47442,50728
P,81,50728,65160
P,83,50728,65160
P,81,47443,50729
P,83,47443,50729
P,81,50729,65161
P,83,50729,65161
P,81,47444,50730
P,83,47444,50730
P,81,50730,65162
P,83,50730,65162
P,83,47445,50731
P,83,50731,65163
P,22,35023,35019
P,24,35023,35019
P,22,35023,37742
P,24,35023,37742
P,22,36401,36409
P,24,36401,36409
P,22,36409,35111
P,24,36409,35111
P,22,37742,35019
P,24,37742,35019
P,33,47452,50732
P,33,50732,65164
P,31,47453,50733
P,33,47453,50733
P,31,50733,65165
P,33,50733,65165
P,33,47464,50734
P,33,50734,65166
P,33,47465,50735
P,33,50735,65167
P,33,47478,50739
P,33,50739,65168
P,33,47479,50740
P,33,50740,65169
P,33,47480,50742
P,33,50742,65170
P,33,47481,50743
P,33,50743,65171
P,33,47486,50744
P,33,50744,65172
P,33,50745,65173
P,33,47490,50754
P,33,50754,65174
P,33,47498,50755
P,33,50755,65175
P,33,47499,50759
P,33,50759,65176
P,33,47506,50760
P,33,50760,65177
P,33,47509,50761
P,33,50761,65180
P,33,47517,50762
P,33,50762,65181
P,33,47518,50763
P,33,50763,65182
P,31,47521,50765
P,33,47521,50765
P,31,50765,65369
P,33,50765,65369
P,33,47572,50766
P,33,50766,65370
P,33,47580,50768
P,33,50768,65465
P,33,47581,50770
P,33,50770,65466
P,31,47582,50771
P,33,47582,50771
P,31,50771,65488
P,33,50771,65488
P,33,47583,50778
P,33,50778,65489
P,33,47584,50779
P,33,50779,65490
P,33,47594,50781
P,33,50781,65491
P,33,47598,50788
P,33,50788,65494
P,33,47599,50789
P,33,50789,65495
P,33,47600,50790
P,33,50790,65496
P,33,47601,50791
P,33,50791,65497
P,33,47607,50792
P,33,50792,65498
P,33,47609,50793
P,33,50793,65499
P,33,47610,50794
P,33,50794,65500
P,33,47611,50795
P,33,50795,65501
P,33,47613,50796
P,33,50796,65502
P,33,50798,50799
P,33,50799,65503
P,33,47665,50800
P,33,50800,65504
P,33,47666,50801
P,33,50801,65505
P,31,50802,65506
P,33,50802,65506
P,31,47668,50803
P,33,47668,50803
P,31,50803,65507
P,33,50803,65507
P,33,47967,50804
P,33,50804,65508
