1180213580,446,
P,6,45585,49743,
P,6,49743,63283,
P,6,45586,49744,
P,6,49744,63284,
P,6,45587,49747,
P,6,49747,64076,
P,6,45620,49748,
P,6,49748,64125,
P,6,45621,49749,
P,6,49749,64126,
P,6,45661,49750,
P,6,49750,64127,
P,6,45679,49753,
P,6,49753,64136,
P,6,45680,49754,
P,6,49754,64145,
P,6,45681,49763,
P,6,49763,64146,
P,6,45682,49764,
P,6,49764,64147,
P,6,49769,64148,
P,6,45755,49770,
P,6,49770,64157,
P,6,45756,49773,
P,6,49773,64158,
P,6,45758,49774,
P,6,49774,64165,
P,6,45759,49775,
P,6,49775,64166,
P,6,49776,64167,
P,6,45773,49777,
P,6,49777,64168,
P,6,45782,49778,
P,6,49778,64177,
P,6,49790,49818,
P,6,49818,64201,
P,6,45783,49819,
P,6,49819,64202,
P,6,49830,49831,
P,6,49831,64214,
P,6,49833,49920,
P,6,49920,64215,
P,6,45786,49921,
P,6,49921,64216,
P,6,45787,50132,
P,6,50132,64255,
P,5,45578,49732,
P,5,45578,62728,
P,5,49732,62728,
P,6,45788,50133,
P,6,50133,64256,
P,6,45789,50139,
P,6,50139,64269,
P,6,45801,50140,
P,6,50140,64305,
P,6,50145,50146,
P,6,50146,64306,
P,6,45802,50169,
P,6,50169,64307,
P,6,45803,50170,
P,6,50170,64308,
P,6,45804,50179,
P,6,50179,64326,
P,6,45810,50180,
P,6,50180,64327,
P,6,45811,50185,
P,6,50185,64328,
P,6,45840,50186,
P,6,50186,64329,
P,6,45845,50212,
P,6,50212,64330,
P,6,45846,50213,
P,6,50213,64331,
P,7,45847,50249,
P,7,50249,64332,
P,7,45855,50285,
P,7,50285,64333,
P,7,50299,50300,
P,7,50300,64334,
P,7,45858,50309,
P,7,50309,64335,
P,7,45859,50310,
P,7,50310,64336,
P,7,45860,50315,
P,7,50315,64337,
P,7,45861,50316,
P,7,50316,64340,
P,7,45862,50318,
P,7,50318,64341,
P,7,45863,50319,
P,7,50319,64342,
P,7,50330,50331,
P,7,50331,64343,
P,7,45868,50332,
P,7,50332,64344,
P,7,45869,50335,
P,7,50335,64345,
P,7,45870,50336,
P,7,50336,64346,
P,7,45871,50337,
P,7,50337,64347,
P,7,45875,50338,
P,7,50338,64348,
P,7,45876,50341,
P,7,50341,64349,
P,7,46001,50342,
P,7,50342,64350,
P,7,46006,50345,
P,7,50345,64351,
P,7,46017,50346,
P,7,50346,64352,
P,7,46018,50347,
P,7,50347,64353,
P,7,50348,64354,
P,2,35022,35018,
P,2,35022,37728,
P,2,35087,35075,
P,2,36400,35087,
P,2,37728,35018,
P,7,46020,50357,
P,7,50357,64355,
P,7,46029,50358,
P,7,50358,64356,
P,7,46030,50363,
P,7,50363,64357,
P,7,46031,50364,
P,7,50364,64358,
P,7,46040,50424,
P,7,50424,64359,
P,7,46051,50425,
P,7,50425,64360,
P,7,46052,50430,
P,7,50430,64361,
P,7,46053,50431,
P,7,50431,64362,
P,7,50436,50452,
P,7,50452,64363,
P,2,35109,35107,
P,2,40912,46099,
P,2,40912,48478,
P,2,46099,48478,
P,2,47411,35109,
P,7,46054,50453,
P,7,50453,64364,
P,7,46057,50454,
P,7,50454,64365,
P,7,46058,50457,
P,7,50457,64366,
P,7,50459,50461,
P,7,50461,64367,
P,7,46064,50467,
P,7,50467,64368,
P,7,46065,50468,
P,7,50468,64369,
P,7,46071,50469,
P,7,50469,64370,
P,7,46072,50470,
P,7,50470,64371,
P,7,50474,50475,
P,7,50475,64372,
P,7,46079,50476,
P,7,50476,64373,
P,7,64374,64375,
P,7,64375,64376,
P,7,46080,50486,
P,7,50486,64427,
P,7,46085,50487,
P,7,50487,64428,
P,7,46086,50488,
P,7,50488,64431,
P,7,46089,50489,
P,7,50489,64432,
P,7,46090,50498,
P,7,50498,64433,
P,7,46091,50499,
P,7,50499,64434,
P,7,46092,50500,
P,7,50500,64435,
P,7,46097,50501,
P,7,50501,64436,
P,7,46098,50502,
P,7,50502,64439,
P,7,46106,50504,
P,7,50504,64440,
P,4,46108,50505,
P,4,50505,64441,
P,4,46109,50506,
P,4,50506,64442,
P,4,46113,50507,
P,4,50507,64443,
P,4,46116,50508,
P,4,50508,64448,
P,4,46117,50509,
P,4,50509,64471,
P,4,46177,50511,
P,4,50511,64472,
P,4,46183,50512,
P,4,50512,64524,
P,4,50513,64525,
P,4,46318,50514,
P,4,50514,64526,
P,4,46319,50515,
P,4,50515,64649,
P,4,46320,50516,
P,4,50516,64650,
P,4,46382,50518,
P,4,50518,64813,
P,2,42616,47319,
P,2,42616,52349,
P,2,47319,52349,
P,4,46385,50519,
P,4,50519,64814,
P,4,46386,50520,
P,4,50520,64905,
P,4,46389,50521,
P,4,50521,64906,
P,4,50522,64932,
P,4,46392,50524,
P,4,50524,64933,
P,4,46393,50525,
P,4,50525,64949,
P,4,46394,50526,
P,4,50526,64958,
P,4,46395,50527,
P,4,50527,65017,
P,4,50528,65018,
P,4,46399,50529,
P,4,50529,65019,
P,4,46400,50530,
P,4,50530,65020,
P,4,46401,50531,
P,4,50531,65021,
P,4,50532,65022,
P,4,46404,50533,
P,4,50533,65023,
P,4,46405,50534,
P,4,50534,65024,
P,4,46406,50535,
P,4,50535,65025,
P,4,65026,65031,
P,4,65031,65032,
P,4,46407,50536,
P,4,50536,65033,
P,4,46409,50537,
P,4,50537,65034,
P,4,46410,50538,
P,4,50538,65035,
P,4,50539,65036,
P,4,46412,50540,
P,4,50540,65037,
P,4,46414,50541,
P,4,50541,65038,
P,4,46418,50542,
P,4,50542,65039,
P,4,46419,50543,
P,4,50543,65040,
P,8,46421,50545,
P,8,50545,65041,
P,8,46424,50546,
P,8,50546,65042,
P,8,46425,50549,
P,8,50549,65043,
P,8,46426,50550,
P,8,50550,65044,
P,8,46427,50551,
P,8,50551,65047,
P,8,50553,50554,
P,8,50554,65048,
P,8,46432,50556,
P,8,50556,65100,
P,8,50558,50559,
P,8,50559,65101,
P,8,46433,50560,
P,8,50560,65102,
P,8,46434,50561,
P,8,50561,65103,
P,8,46435,50562,
P,8,50562,65104,
P,8,50566,50567,
P,8,50567,65105,
P,8,46438,50568,
P,8,50568,65108,
P,8,65109,65110,
P,8,65110,65111,
P,8,50571,50576,
P,8,50576,65129,
P,8,46439,50577,
P,8,50577,65130,
P,8,50579,50583,
P,8,50583,65131,
P,8,46442,50585,
P,8,50585,65132,
P,2,45579,49735,
P,2,45579,62729,
P,2,49735,62729,
P,2,45580,49736,
P,2,45580,62730,
P,2,49736,62730,
P,2,45581,49737,
P,2,45581,63277,
P,2,49737,63277,
P,2,45582,49738,
P,2,45582,63278,
P,2,49738,63278,
P,2,45583,49741,
P,2,45583,63281,
P,2,49741,63281,
P,2,45584,49742,
P,2,45584,63282,
P,2,49742,63282,
P,8,46443,50587,
P,8,50587,65133,
P,8,46444,50607,
P,8,50607,65134,
P,8,46445,50608,
P,8,50608,65135,
P,8,46446,50634,
P,8,50634,65136,
P,8,46447,50635,
P,8,50635,65137,
P,8,46448,50667,
P,8,50667,65138,
P,8,46656,50668,
P,8,50668,65139,
P,8,46657,50676,
P,8,50676,65140,
P,8,46673,50677,
P,8,50677,65141,
P,8,46676,50689,
P,8,50689,65142,
P,8,46677,50690,
P,8,50690,65143,
P,8,46686,50691,
P,8,50691,65144,
P,8,46687,50692,
P,8,50692,65145,
P,8,46692,50693,
P,8,50693,65146,
P,8,46693,50694,
P,8,50694,65147,
P,8,46694,50696,
P,8,50696,65148,
P,8,46697,50716,
P,8,50716,65149,
P,8,65150,65151,
P,8,65151,65152,
P,8,50720,50721,
P,8,50721,65153,
P,8,65154,65155,
P,8,65155,65156,
P,8,50722,65157,
P,8,47424,50726,
P,8,50726,65158,
P,8,47425,50727,
P,8,50727,65159,
P,8,47442,50728,
P,8,50728,65160,
P,8,47443,50729,
P,8,50729,65161,
P,8,47444,50730,
P,8,50730,65162,
P,8,47445,50731,
P,8,50731,65163,
P,2,35023,35019,
P,2,35023,37742,
P,2,36401,36409,
P,2,36409,35111,
P,2,37742,35019,
P,3,47452,50732,
P,3,50732,65164,
P,3,47453,50733,
P,3,50733,65165,
P,3,47464,50734,
P,3,50734,65166,
P,3,47465,50735,
P,3,50735,65167,
P,3,47478,50739,
P,3,50739,65168,
P,3,47479,50740,
P,3,50740,65169,
P,3,47480,50742,
P,3,50742,65170,
P,3,47481,50743,
P,3,50743,65171,
P,3,47486,50744,
P,3,50744,65172,
P,3,50745,65173,
P,3,47490,50754,
P,3,50754,65174,
P,3,47498,50755,
P,3,50755,65175,
P,3,47499,50759,
P,3,50759,65176,
P,3,47506,50760,
P,3,50760,65177,
P,3,47509,50761,
P,3,50761,65180,
P,3,47517,50762,
P,3,50762,65181,
P,3,47518,50763,
P,3,50763,65182,
P,3,47521,50765,
P,3,50765,65369,
P,3,47572,50766,
P,3,50766,65370,
P,3,47580,50768,
P,3,50768,65465,
P,3,47581,50770,
P,3,50770,65466,
P,3,47582,50771,
P,3,50771,65488,
P,3,47583,50778,
P,3,50778,65489,
P,3,47584,50779,
P,3,50779,65490,
P,3,47594,50781,
P,3,50781,65491,
P,3,47598,50788,
P,3,50788,65494,
P,3,47599,50789,
P,3,50789,65495,
P,3,47600,50790,
P,3,50790,65496,
P,3,47601,50791,
P,3,50791,65497,
P,3,47607,50792,
P,3,50792,65498,
P,3,47609,50793,
P,3,50793,65499,
P,3,47610,50794,
P,3,50794,65500,
P,3,47611,50795,
P,3,50795,65501,
P,3,47613,50796,
P,3,50796,65502,
P,3,50798,50799,
P,3,50799,65503,
P,3,47665,50800,
P,3,50800,65504,
P,3,47666,50801,
P,3,50801,65505,
P,3,50802,65506,
P,3,47668,50803,
P,3,50803,65507,
P,3,47967,50804,
P,3,50804,65508,
