2017-05-25,0,39
1,SENSEX,30
2,BSE100,101
3,BSE200,201
4,BSE500,501
7,BSECG,26
8,BSECD,10
10,BSEPSU,54
11,TECK,30
12,BANKEX,10
13,AUTO,13
14,METAL,10
15,OILGAS,10
21,REALTY,10
22,POWER,18
23,BSEIPO,22
25,GREENX,25
26,CARBON,100
27,SMEIPO,43
28,INFRA,29
29,CPSE,43
30,MIDCAP,85
31,SMLCAP,771
32,BSEFMC,69
33,BSEHC,70
34,BSEIT,58
35,MFG,30
36,ALLCAP,927
37,BASMTR,143
38,CDGS,224
39,ENERGY,23
40,FIN,91
41,INDSTR,203
42,LRGCAP,71
43,MIDSEL,30
44,SMLSEL,59
45,TELCOM,14
46,UTILS,32
47,SNSX50,51
48,SNXT50,50
1,532454,1319142000
1,500087,506817360
1,533278,1241481800
1,500124,122592100
1,532155,625782480
1,500180,2022460830
1,500182,127806080
1,500696,714210750
1,500010,1585931000
1,532174,5822076000
1,500875,8491296800
1,500209,1998341280
1,500510,802350760
1,500520,465819000
1,532500,132915200
1,532555,2473639500
1,500312,2694979350
1,500325,1654369110
1,532215,1674526700
1,532977,136002960
1,500112,3189401600
1,524715,1079644500
1,532540,532015560
1,500570,1934426680
1,500470,670138350
1,507685,632029580
1,532921,890509360
1,500820,450823060
1,500257,239292350
1,532898,2197267800
2,505200,13332900
2,500111,121263840
2,532712,995592000
2,500325,1654369110
2,500390,136754800
2,532939,701281500
2,532955,770218020
2,500295,1096936780
2,511218,145205120
2,500550,89030000
2,500112,3189401600
2,500113,1032631250
2,524715,1079644500
2,500770,175781640
2,532540,532015560
2,500800,416545800
2,500570,1934426680
2,500400,1812198580
2,500470,670138350
2,532755,623000320
2,500114,417259420
2,512070,354865700
2,532538,104304300
2,532477,254353170
2,526371,790972500
2,532555,2473639500
2,500790,35673920
2,500312,2694979350
2,532810,844826240
2,532898,2197267800
2,532461,744788800
2,500875,8491296800
2,532822,1260591150
2,530965,1019739840
2,532187,496393120
2,500209,1998341280
2,500228,1039404600
2,500530,8851090
2,532478,68745300
2,532432,56677920
2,507685,632029580
2,532648,356059080
2,505537,547455930
2,524804,269178200
2,531642,516148400
2,570001,503392230
2,534816,517890240
2,517334,477152940
2,500825,58800490
2,500425,774401550
2,500477,1422938000
2,500820,450823060
2,532215,1674526700
2,532977,136002960
2,532134,944705600
2,532149,232032900
2,500493,123380820
2,500103,905612000
2,500547,520620480
2,532454,1319142000
2,532483,203078600
2,500087,506817360
2,533278,1241481800
2,500830,133273140
2,500480,135828000
2,532868,445993750
2,500096,563686720
2,532488,127424640
2,500124,122592100
2,500086,459000000
2,500469,1687000420
2,532754,2293659100
2,532155,625782480
2,532296,152370720
2,532424,126022370
2,500300,322098210
2,532281,564479200
2,500180,2022460830
2,500182,127806080
2,500440,1390796400
2,500104,497781690
2,500696,714210750
2,500188,253519200
2,532873,286442640
2,500010,1585931000
2,532174,5822076000
2,500116,370586700
2,500002,52977000
2,500410,93893500
2,532921,890509360
2,532286,347709120
2,500247,1048723620
2,500253,302797800
2,500510,802350760
2,500257,239292350
2,532720,273007200
2,500520,465819000
2,532500,132915200
2,532321,255936250
2,500034,214441890
2,535789,305131680
3,531500,135819600
3,539437,1324884210
3,500303,54702480
3,532617,28399250
3,500271,112253400
3,500674,9212400
3,535755,315795120
3,514162,271277100
3,511243,60943740
3,530019,70083640
3,532947,151123500
3,500875,8491296800
3,532822,1260591150
3,535789,305131680
3,500850,603457140
3,530965,1019739840
3,532514,70000000
3,532187,496393120
3,532777,69036120
3,500209,1998341280
3,524494,68147460
3,533148,410013750
3,500228,1039404600
3,500219,317514540
3,532652,282687000
3,500247,1048723620
3,533519,544273820
3,500253,302797800
3,500510,802350760
3,500257,239292350
3,500290,2459780
3,532720,273007200
3,500520,465819000
3,531642,516148400
3,532500,132915200
3,532286,347709120
3,533155,36271400
3,532819,112558660
3,517334,477152940
3,526299,84161600
3,534091,43348300
3,533098,2154457410
3,526371,790972500
3,532555,2473639500
3,532234,463902960
3,500790,35673920
3,500312,2694979350
3,533106,184348450
3,532466,22121060
3,532522,375000000
3,500331,153802500
3,500302,82830240
3,532810,844826240
3,532898,2197267800
3,532461,744788800
3,500260,138084660
3,500295,1096936780
3,500387,8709250
3,532498,36925280
3,511218,145205120
3,500550,89030000
3,532218,1802312000
3,500112,3189401600
3,500113,1032631250
3,532531,54515090
3,524715,1079644500
3,532733,82757850
3,509930,63513500
3,532800,651456800
3,532343,199536960
3,500770,175781640
3,500483,71250000
3,532540,532015560
3,500800,416545800
3,500570,1934426680
3,500400,1812198580
3,500470,670138350
3,532755,623000320
3,500411,45279280
3,500114,417259420
3,500420,49074670
3,500111,121263840
3,532712,995592000
3,500325,1654369110
3,500390,136754800
3,532939,701281500
3,532955,770218020
3,532827,5688540
3,532872,69128920
3,533398,99864000
3,533573,49014160
3,539876,413652360
3,507815,8146250
3,539523,11956500
3,512599,274952500
3,500101,144681040
3,500477,1422938000
3,500820,450823060
3,524804,269178200
3,532215,1674526700
3,532977,136002960
3,500034,214441890
3,532978,60469780
3,500490,58985820
3,532134,944705600
3,532149,232032900
3,500043,60408160
3,506285,10959740
3,509480,242738250
3,500049,558407500
3,500493,123380820
3,500103,905612000
3,500547,520620480
3,532454,1319142000
3,534816,517890240
3,532331,22881300
3,532523,70000000
3,500530,8851090
3,500825,58800490
3,500084,66278500
3,500092,23540550
3,532321,255936250
3,508869,76518750
3,500877,285054000
3,500008,81990240
3,500425,774401550
3,532921,890509360
3,533096,1157081700
3,500002,52977000
3,500410,93893500
3,532683,35841600
3,532483,203078600
3,532885,304347360
3,500040,54731040
3,500087,506817360
3,533278,1241481800
3,500830,133273140
3,531344,104799063
3,539448,36146800
3,500480,135828000
3,532868,445993750
3,500096,563686720
3,532839,383736600
3,532488,127424640
3,500124,122592100
3,505200,13332900
3,531162,61281360
3,532178,276288340
3,500086,459000000
3,500469,1687000420
3,532754,2293659100
3,511288,149241230
3,532155,625782480
3,500676,11775680
3,500660,21175750
3,532296,152370720
3,532424,126022370
3,500164,84035000
3,500300,322098210
3,500620,105543900
3,533248,275560800
3,532702,287429880
3,532281,564479200
3,500180,2022460830
3,511072,156563000
3,517354,237444900
3,500182,127806080
3,532129,87588120
3,500440,1390796400
3,500294,444745600
3,500104,497781690
3,500696,714210750
3,500188,253519200
3,532873,286442640
3,500010,1585931000
3,532174,5822076000
3,500116,370586700
3,512070,354865700
3,532538,104304300
3,532477,254353170
3,500165,140119200
3,532478,68745300
3,532432,56677920
3,511431,306954560
3,500575,231619500
3,507685,632029580
3,532300,28742480
3,532648,356059080
3,505537,547455930
3,532779,168215950
3,533228,121395120
3,523642,64665890
3,532667,3014639400
3,500459,9413690
3,500870,197824000
3,570001,503392230
3,526612,5932000
3,532659,1340587920
3,524816,85410920
3,503806,27562080
3,500408,17125900
4,512573,14078650
4,506197,41258800
4,524742,24176000
4,500171,81015390
4,532767,74445000
4,514043,42336510
4,521016,80934000
4,500093,413652360
4,539523,11956500
4,539436,49440480
4,539524,14951880
4,500670,91697210
4,500003,123580000
4,533271,80474070
4,511196,15173400
4,507717,12505000
4,505242,3107090
4,531508,40704720
4,500033,5138640
4,526797,55182150
4,533033,2720610
4,538835,67752410
4,532940,43129620
4,514034,30292640
4,526947,16650000
4,530517,27629900
4,505192,5933520
4,512599,274952500
4,532890,41303470
4,570001,503392230
4,533281,47956440
4,519600,73165400
4,532443,5852700
4,533400,914370600
4,532482,103972930
4,524200,13929570
4,532548,59986710
4,539844,141728580
4,539807,10690600
4,533217,18348500
4,509496,74475840
4,502937,59807190
4,539289,11437090
4,500271,112253400
4,500304,109395000
4,539551,38828590
4,532504,5972510
4,539332,38504160
4,532944,53204730
4,539150,69265800
4,539450,28924200
4,539437,1324884210
4,540376,49926720
4,530549,26441910
4,501425,23722480
4,538567,15383130
4,523398,7069660
4,538666,22555000
4,534309,90000000
4,532221,60992220
4,500135,67578370
4,540173,26502720
4,532374,179224200
4,532418,238407050
4,508869,76518750
4,500877,285054000
4,532331,22881300
4,500710,12949200
4,533573,49014160
4,532480,230543900
4,532309,20840370
4,522275,64011750
4,500008,81990240
4,500425,774401550
4,520077,119120150
4,523395,2816250
4,500002,52977000
4,539268,22000000
4,500410,93893500
4,532683,35841600
4,523204,30933450
4,500488,5312250
4,532921,890509360
4,533096,1157081700
4,515030,111821860
4,500477,1422938000
4,500820,450823060
4,506820,6250000
4,532830,46709130
4,500027,14534380
4,524804,269178200
4,532215,1674526700
4,500042,11687220
4,500048,19156700
4,532430,12807120
4,532977,136002960
4,533229,48675000
4,500031,36440640
4,500034,214441890
4,532978,60469780
4,500032,793492000
4,500490,58985820
4,523319,43321520
4,500038,144555900
4,532525,210300120
4,532134,944705600
4,532149,232032900
4,500043,60408160
4,506285,10959740
4,509480,242738250
4,500049,558407500
4,500493,123380820
4,500103,905612000
4,500547,520620480
4,532454,1319142000
4,534816,517890240
4,532523,70000000
4,500335,28491850
4,526612,5932000
4,500067,52554700
4,500020,95006100
4,500530,8851090
4,500825,58800490
4,539448,36146800
4,533293,59291740
4,500355,97234500
4,500260,138084660
4,513023,98216800
4,524230,110337600
4,539889,19346450
4,500330,35600980
4,532805,231911840
4,500111,121263840
4,532712,995592000
4,500227,10946500
4,500325,1654369110
4,500390,136754800
4,532939,701281500
4,532915,87383660
4,535322,39413430
4,532889,18474000
4,500366,80407040
4,531882,47471200
4,532955,770218020
4,523385,5372280
4,500228,1039404600
4,532705,127495680
4,512237,48181230
4,500219,317514540
4,532532,1508123340
4,540047,20515500
4,532209,227845660
4,540133,129179160
4,532617,28399250
4,540115,7118300
4,540005,15351390
4,532286,347709120
4,533155,36271400
4,530019,70083640
4,535648,23642920
4,532926,59955720
4,532714,125973120
4,532400,163924170
4,539957,17780040
4,539207,21742080
4,500233,84237140
4,522287,62919010
4,500165,140119200
4,533248,275560800
4,500690,227132460
4,532702,287429880
4,500179,93626400
4,532281,564479200
4,500180,2022460830
4,532181,82680000
4,500878,19820500
4,500084,66278500
4,500187,38316880
4,532662,69824400
4,533162,298978200
4,531531,38042000
4,517354,237444900
4,500182,127806080
4,532129,87588120
4,500183,656869810
4,500440,1390796400
4,532822,1260591150
4,530005,221168880
4,535789,305131680
4,533122,501998610
4,532832,245761360
4,532814,86452560
4,500850,603457140
4,540025,15628200
4,530965,1019739840
4,532388,417303930
4,532612,37781500
4,532514,70000000
4,532187,496393120
4,532777,69036120
4,500209,1998341280
4,500210,8207680
4,532706,49193580
4,539876,413652360
4,524494,68147460
4,530007,108870240
4,506943,37320800
4,532644,23070300
4,500380,63541800
4,523405,269875000
4,533148,410013750
4,532652,282687000
4,532899,29693650
4,500251,222654400
4,533655,98991600
4,504973,93719000
4,532505,296348320
4,512070,354865700
4,532755,623000320
4,500411,45279280
4,500413,117351040
4,532493,67557360
4,522113,17000000
4,500114,417259420
4,500420,49074670
4,532779,168215950
4,512179,16371160
4,509930,63513500
4,509243,4211350
4,532667,3014639400
4,503310,61930400
4,517385,16789920
4,532276,208043970
4,517506,3492300
4,532800,651456800
4,532343,199536960
4,531426,42218710
4,500770,175781640
4,532301,70972600
4,500483,71250000
4,532540,532015560
4,500408,17125900
4,500800,416545800
4,501301,14875650
4,500570,1934426680
4,500400,1812198580
4,513010,6930000
4,500470,670138350
4,500185,515459040
4,513599,92521800
4,500104,497781690
4,500696,714210750
4,500188,253519200
4,517174,2210500
4,532873,286442640
4,500010,1585931000
4,532174,5822076000
4,532835,5000000
4,500116,370586700
4,500106,681435170
4,532636,209614020
4,533177,72371200
4,532966,56551880
4,532947,151123500
4,500875,8491296800
4,532531,54515090
4,500285,233785500
4,532872,69128920
4,524715,1079644500
4,532733,82757850
4,500403,105064000
4,533206,413662600
4,500472,24257180
4,533228,121395120
4,524208,36954000
4,523756,166018380
4,503806,27562080
4,532710,90932630
4,500674,9212400
4,534139,59776250
4,540065,89785440
4,500295,1096936780
4,532659,1340587920
4,523598,167687640
4,532638,27556650
4,500387,8709250
4,532670,390100620
4,532370,13356200
4,532498,36925280
4,511218,145205120
4,500550,89030000
4,532795,206513320
4,532784,37558950
4,532725,24432300
4,532218,1802312000
4,532749,73708800
4,539871,8595840
4,500112,3189401600
4,512529,82870240
4,539874,29820750
4,500113,1032631250
4,502355,40596780
4,532254,21338310
4,533344,224799050
4,530239,50912800
4,532515,25651220
4,533326,94726350
4,514162,271277100
4,538268,16385290
4,532538,104304300
4,506690,45438500
4,532477,254353170
4,507878,1960975500
4,532478,68745300
4,532432,56677920
4,500173,35152000
4,511431,306954560
4,502986,21797560
4,511389,113716060
4,532401,219745900
4,500575,231619500
4,533023,4742000
4,532144,153831080
4,500238,31718000
4,507685,632029580
4,532300,28742480
4,530813,72970900
4,532648,356059080
4,505537,547455930
4,504067,13000990
4,531335,10549440
4,532927,19887500
4,500292,70250030
4,532953,143844480
4,533269,38739020
4,507880,66418990
4,509966,6485640
4,521248,21850000
4,524404,208750140
4,521064,107011590
4,500148,38271830
4,505533,46670400
4,511012,436352580
4,500101,144681040
4,532483,203078600
4,532938,34095600
4,513375,105635600
4,500870,197824000
4,532885,304347360
4,500040,54731040
4,500085,178952670
4,500110,49140630
4,511243,60943740
4,500087,506817360
4,532210,571011750
4,539336,39926620
4,532539,25061510
4,540153,16879560
4,540064,150977920
4,512161,9155400
4,500092,23540550
4,532321,255936250
4,500480,135828000
4,532175,60785640
4,533151,55162800
4,533278,1241481800
4,500830,133273140
4,531344,104799063
4,506395,105000840
4,532179,309705120
4,533144,86516850
4,534804,29440000
4,532772,239601960
4,523367,58469760
4,532868,445993750
4,500096,563686720
4,533309,30248440
4,500645,43220450
4,532848,136658160
4,533137,81490920
4,532121,228273500
4,511072,156563000
4,539254,274952500
4,532839,383736600
4,532526,62943660
4,532488,127424640
4,500124,122592100
4,500125,96729050
4,500840,177186390
4,532922,482683540
4,522074,107749400
4,531162,61281360
4,532178,276288340
4,532700,13824300
4,533261,23432750
4,500495,66191580
4,505200,13332900
4,500086,459000000
4,531599,55128230
4,505790,8142330
4,500469,1687000420
4,500144,74940110
4,500940,59565600
4,532809,305817300
4,532843,150105450
4,511676,31233580
4,532754,2293659100
4,511288,149241230
4,532155,625782480
4,532622,81546000
4,532345,47618280
4,507815,8146250
4,500676,11775680
4,500660,21175750
4,532296,152370720
4,500163,14558600
4,532424,126022370
4,500164,84035000
4,533150,54090500
4,533107,228223860
4,500302,82830240
4,533179,44800000
4,532522,375000000
4,500680,16469280
4,503100,55104120
4,500331,153802500
4,532810,844826240
4,532898,2197267800
4,522205,102061920
4,533274,112500000
4,500338,125839250
4,500459,9413690
4,532693,209220480
4,533758,13918100
4,532461,744788800
4,535755,315795120
4,532497,79823400
4,500339,181626840
4,531500,135819600
4,500790,35673920
4,532798,230328780
4,513683,152856800
4,532654,54728000
4,532819,112558660
4,524084,4833640
4,517334,477152940
4,532892,31584740
4,526299,84161600
4,534091,43348300
4,533398,99864000
4,500294,444745600
4,533098,2154457410
4,532541,42339780
4,526371,790972500
4,532555,2473639500
4,524816,85410920
4,532234,463902960
4,532524,248646720
4,532689,35054250
4,532827,5688540
4,535754,127018780
4,500315,121159500
4,534809,44775000
4,523642,64665890
4,500672,7035250
4,533273,81483600
4,500312,2694979350
4,533106,184348450
4,532880,45725250
4,532466,22121060
4,508989,88752040
4,500300,322098210
4,500620,105543900
4,501455,119661430
4,506076,45395200
4,500247,1048723620
4,533519,544273820
4,500253,302797800
4,500252,7230960
4,534690,168473360
4,500303,54702480
4,500510,802350760
4,523457,21321000
4,500257,239292350
4,513377,100000000
4,533286,26637600
4,500290,2459780
4,524000,75827200
4,500108,277200000
4,532720,273007200
4,500520,465819000
4,532756,94522000
4,533088,22195250
4,532313,25145575
4,531213,437788000
4,500109,192785890
4,531642,516148400
4,532500,132915200
4,539083,31068520
4,540222,23266320
4,539118,27372900
7,500002,52977000
7,532683,35841600
7,500472,24257180
7,500550,89030000
7,532667,3014639400
7,500411,45279280
7,533269,38739020
7,522275,64011750
7,500049,558407500
7,500103,905612000
7,505790,8142330
7,517354,237444900
7,500252,7230960
7,500510,802350760
7,533107,228223860
7,532725,24432300
7,532144,153831080
7,513375,105635600
7,532710,90932630
7,500048,19156700
7,534309,90000000
7,532953,143844480
7,500093,413652360
7,501455,119661430
7,522287,62919010
7,532756,94522000
8,523385,5372280
8,539876,413652360
8,500067,52554700
8,534809,44775000
8,531500,135819600
8,517385,16789920
8,517506,3492300
8,500114,417259420
8,511389,113716060
8,500238,31718000
10,500106,681435170
10,534309,90000000
10,513599,92521800
10,500104,497781690
10,500116,370586700
10,532814,86452560
10,530965,1019739840
10,532388,417303930
10,532209,227845660
10,513377,100000000
10,533286,26637600
10,500108,277200000
10,500109,192785890
10,533098,2154457410
10,526371,790972500
10,532555,2473639500
10,532234,463902960
10,513683,152856800
10,500312,2694979350
10,533106,184348450
10,500315,121159500
10,532810,844826240
10,532898,2197267800
10,532461,744788800
10,524230,110337600
10,532955,770218020
10,533206,413662600
10,523598,167687640
10,500112,3189401600
10,500113,1032631250
10,532276,208043970
10,532505,296348320
10,532477,254353170
10,532480,230543900
10,532418,238407050
10,500048,19156700
10,523319,43321520
10,532525,210300120
10,532134,944705600
10,532149,232032900
10,500049,558407500
10,500103,905612000
10,500547,520620480
10,532483,203078600
10,532885,304347360
10,500110,49140630
10,533278,1241481800
10,531344,104799063
10,532179,309705120
10,532121,228273500
10,532178,276288340
10,532155,625782480
10,532181,82680000
10,532401,219745900
11,526299,84161600
11,500408,17125900
11,533261,23432750
11,532400,163924170
11,532706,49193580
11,532944,53204730
11,532515,25651220
11,532454,1319142000
11,534816,517890240
11,533151,55162800
11,532839,383736600
11,500144,74940110
11,532281,564479200
11,500183,656869810
11,532822,1260591150
11,500209,1998341280
11,532705,127495680
11,535648,23642920
11,500108,277200000
11,532819,112558660
11,532712,995592000
11,532733,82757850
11,532800,651456800
11,500483,71250000
11,532540,532015560
11,532466,22121060
11,532689,35054250
11,532755,623000320
11,507685,632029580
11,505537,547455930
12,532215,1944881502
12,532134,1097849729
12,500469,1958970734
12,500180,1390820438
12,532174,6355960607
12,532187,575915120
12,500247,1217448132
12,532461,865524860
12,500112,3608473422
12,532648,383034257
13,532977,136002960
13,500493,123380820
13,500530,8851090
13,500480,135828000
13,505200,13332900
13,500182,127806080
13,500290,2459780
13,500520,465819000
13,532500,132915200
13,517334,477152940
13,500570,1934426680
13,500086,459000000
13,500477,1422938000
14,533278,1241481800
14,500440,1390796400
14,500188,253519200
14,500228,1039404600
14,532286,347709120
14,526371,790972500
14,500295,1096936780
14,500113,1032631250
14,500470,670138350
14,532234,463902960
15,500547,799044087
15,500870,303618669
15,532155,960445870
15,500104,763991297
15,530965,1565088429
15,500312,3624261598
15,533106,282936387
15,532522,575546956
15,500325,718544212
15,532514,107435432
21,532868,445993750
21,533150,54090500
21,532873,286442640
21,532832,245761360
21,533273,81483600
21,503100,55104120
21,533274,112500000
21,532784,37558950
21,507878,1960975500
21,532880,45725250
22,532667,3014639400
22,532754,2293659100
22,533148,410013750
22,533098,2154457410
22,532555,2473639500
22,532524,248646720
22,532898,2197267800
22,500390,136754800
22,532939,701281500
22,500550,89030000
22,500400,1812198580
22,500411,45279280
22,532779,168215950
22,500002,52977000
22,533096,1157081700
22,500103,905612000
22,500084,66278500
22,500093,413652360
23,540403,3540750
23,540005,15351390
23,540376,49926720
23,540124,4293000
23,540136,12860000
23,540153,16879560
23,540180,20014720
23,540065,89785440
23,540133,129179160
23,540025,15628200
23,540115,7118300
23,540203,4878300
23,540173,26502720
23,540366,10269900
23,540530,200190000
23,540425,5255270
23,540497,7632900
23,539978,7607460
23,539957,17780040
23,540222,23266320
23,540047,20515500
23,540048,7802080
25,532898,3265562578
25,532215,2242418341
25,500010,836745292
25,500875,4332822713
25,500209,1135846947
25,500510,775543545
25,500257,355634458
25,500520,692296631
25,532500,195110951
25,532454,1960498739
25,500087,753228079
25,532868,662832496
25,500124,182195440
25,532155,930033130
25,500390,203243937
25,500295,1630259042
25,524715,1604559388
25,500570,2472888441
25,500470,995954484
25,512070,527398686
25,500247,1387606837
25,532174,4167875546
25,532540,455102366
25,500440,2066990959
25,500182,189944417
26,500034,200024215
26,532321,223033598
26,531642,343082522
26,524804,224364958
26,500530,6293078
26,505200,8199911
26,534816,389615034
26,517334,345514730
26,535789,244845619
26,500825,37020540
26,532483,162194919
26,500087,476636195
26,533278,935052777
26,500830,90178756
26,500480,105958354
26,532868,445867864
26,500096,437733718
26,532488,118598405
26,500124,181109892
26,500086,328166046
26,500469,1354068984
26,532754,1527081258
26,532155,881697457
26,532296,140565820
26,532424,108363218
26,500300,224725039
26,532281,308899630
26,500180,2430500708
26,500182,87221640
26,500440,1192370951
26,500104,738758230
26,500696,747403562
26,500188,246583345
26,532873,286361789
26,500010,1272800290
26,532174,5354515463
26,500116,374988716
26,532921,590732561
26,500875,9840867781
26,532822,950426421
26,530965,1432608936
26,532187,542355559
26,500209,1991579267
26,500228,1184099257
26,500425,957349444
26,500477,1032014411
26,500820,300526426
26,532215,1413765657
26,532977,103406033
26,532134,786922585
26,532149,194103348
26,500493,108244636
26,500103,628634526
26,500547,594548869
26,532454,1567830325
26,500111,97407090
26,532712,719831822
26,500325,1419328403
26,500390,105986614
26,532939,544585126
26,532955,664817373
26,500295,1302102879
26,511218,116638300
26,500550,62937120
26,500112,3040609964
26,500113,836279000
26,524715,991870236
26,500770,229140519
26,532540,594010897
26,500800,376004067
26,500570,2262923000
26,500400,2120474207
26,500470,999052540
26,532755,623685179
26,500114,357587249
26,512070,233207005
26,532538,126702108
26,532477,214810933
26,532478,42782581
26,532432,33950567
26,507685,789822767
26,532648,531995495
26,505537,392945625
26,526371,530340297
26,532555,2530518147
26,500790,26555984
26,500312,2935470473
26,532810,678619986
26,532898,1684850713
26,532461,632914744
26,532286,271531652
26,500247,1127838038
26,500253,258072219
26,500510,1051768582
26,500257,208737617
26,532720,383957315
26,500520,738493125
26,532500,126315942
26,500002,43089978
26,500410,108884999
27,539997,830080
27,539963,966460
27,539939,1106190
27,539985,1816830
27,539982,2457540
27,539986,3190590
27,540152,3558800
27,540150,858880
27,540205,3809970
27,540144,2961900
27,540146,3951180
27,540151,4647510
27,540148,1242000
27,540147,2327400
27,540519,1099840
27,540455,2134400
27,540492,5836050
27,540394,1345950
27,540393,3696300
27,540377,1651100
27,540395,1332720
27,540396,5326860
27,540332,1111590
27,540358,1527600
27,540080,3381790
27,540078,987000
27,540082,2321200
27,540079,888440
27,540072,4228800
27,540402,1123200
27,540401,1509740
27,540426,3374330
27,540405,1012500
27,540027,2161900
27,540416,969570
27,540404,1222550
27,540252,1120600
27,540145,982800
27,540125,6608000
27,540468,891000
27,540269,3346110
27,539921,4347000
27,540084,4788190
28,533271,98186707
28,532514,58735568
28,539448,44102843
28,532702,241176532
28,500185,2341588699
28,532947,184386334
28,532532,6850989693
28,500510,296099627
28,500294,2020356983
28,500312,2266179870
28,533106,386615386
28,533344,274278142
28,532710,413081937
28,500575,1052183707
28,500400,1520578752
28,532810,1030775580
28,532898,1843682456
28,500390,114748155
28,532939,588430959
28,532955,939745818
28,533098,1950725914
28,532155,525081276
28,500620,128774498
28,533248,336212738
28,500084,55612933
28,523204,64873601
28,532921,1086513722
28,532555,2075580295
28,532617,34650029
29,534309,90000000
29,526173,53784610
29,500048,19156700
29,523319,43321520
29,532485,8878800
29,500049,558407500
29,500103,905612000
29,524663,17703800
29,500547,520620480
29,500110,49140630
29,533278,1241481800
29,531344,104799063
29,523618,7280000
29,532178,276288340
29,532155,625782480
29,513599,92521800
29,524013,7643610
29,500449,27540930
29,500104,497781690
29,523610,48000000
29,532189,4288450
29,530965,1019739840
29,513377,100000000
29,533286,26637600
29,500108,277200000
29,500109,192785890
29,533098,2154457410
29,526371,790972500
29,532555,2473639500
29,532234,463902960
29,523630,49057800
29,513683,152856800
29,500312,2694979350
29,533106,184348450
29,532810,844826240
29,532898,2197267800
29,524230,110337600
29,532955,770218020
29,533206,413662600
29,505141,2579520
29,523598,167687640
29,512531,6000000
29,500113,1032631250
30,533519,544273820
30,500253,302797800
30,533148,410013750
30,500228,1039404600
30,500116,370586700
30,500164,84035000
30,500104,497781690
30,535789,305131680
30,532814,86452560
30,500850,603457140
30,500480,135828000
30,532488,127424640
30,500086,459000000
30,532754,2293659100
30,500676,11775680
30,500660,21175750
30,532296,152370720
30,500002,52977000
30,533096,1157081700
30,522275,64011750
30,508869,76518750
30,500477,1422938000
30,532978,60469780
30,500490,58985820
30,532149,232032900
30,500049,558407500
30,500493,123380820
30,532523,70000000
30,532483,203078600
30,500870,197824000
30,500830,133273140
30,531344,104799063
30,512599,274952500
30,532234,463902960
30,513683,152856800
30,533273,81483600
30,532466,22121060
30,500302,82830240
30,500111,121263840
30,500390,136754800
30,533206,413662600
30,511218,145205120
30,532733,82757850
30,500770,175781640
30,500483,71250000
30,500800,416545800
30,523395,2816250
30,509480,242738250
30,500008,81990240
30,526612,5932000
30,532720,273007200
30,532478,68745300
30,532522,375000000
30,532779,168215950
30,512070,354865700
30,532477,254353170
30,532300,28742480
30,500109,192785890
30,526299,84161600
30,539876,413652360
30,531642,516148400
30,500092,23540550
30,531162,61281360
30,517354,237444900
30,532286,347709120
30,500165,140119200
30,500290,2459780
30,532827,5688540
30,500459,9413690
30,532712,995592000
30,532939,701281500
30,500420,49074670
30,507815,8146250
30,500271,112253400
30,531500,135819600
30,500303,54702480
30,532331,22881300
30,506285,10959740
30,539523,11956500
30,532885,304347360
30,539437,1324884210
30,500400,1812198580
30,500113,1032631250
30,532343,199536960
30,535755,315795120
31,539871,8595840
31,539874,29820750
31,517080,54104520
31,512161,9155400
31,533292,60878580
31,526397,3427800
31,531978,2919750
31,539524,14951880
31,532749,73708800
31,506260,7266240
31,523694,8709960
31,532610,10921400
31,516064,3404600
31,506074,39044750
31,500136,17512740
31,500101,144681040
31,523574,142950720
31,570002,11025000
31,507488,3801720
31,532959,395569020
31,500166,5616000
31,509079,15470000
31,523768,17052000
31,515030,111821860
31,539336,39926620
31,535467,6229440
31,514010,19837500
31,523716,39917280
31,533271,80474070
31,500184,108786080
31,526217,4465760
31,532888,18653940
31,532659,1340587920
31,533138,7021440
31,524164,16299740
31,519588,3700740
31,533758,13918100
31,500097,20234750
31,532395,10950400
31,502137,3081760
31,532811,25455440
31,513349,11000350
31,532351,94345700
31,523736,11208000
31,511676,31233580
31,532511,6713660
31,531599,55128230
31,532768,4737600
31,505790,8142330
31,500469,1687000420
31,526881,21657130
31,500144,74940110
31,500940,59565600
31,532809,305817300
31,533638,11695010
31,532843,150105450
31,536507,66502100
31,507717,12505000
31,522163,37493960
31,532839,383736600
31,532526,62943660
31,523618,7280000
31,500125,96729050
31,500840,177186390
31,523754,12452850
31,500123,1982000
31,505700,48246000
31,500128,139212450
31,532178,276288340
31,532700,13824300
31,533261,23432750
31,500495,66191580
31,500135,67578370
31,531508,40704720
31,508906,7865730
31,533264,1325079250
31,522074,107749400
31,532508,95872800
31,500650,6034080
31,500139,16308100
31,533320,3693650
31,533333,31164000
31,500033,5138640
31,533400,914370600
31,500171,81015390
31,532543,14275520
31,509550,84834810
31,533192,68031000
31,502937,59807190
31,509557,10503360
31,530343,100238970
31,524019,3027750
31,532630,18511840
31,530655,8802400
31,505710,70278860
31,533193,35199420
31,526797,55182150
31,506076,45395200
31,524226,38987120
31,517271,65780000
31,524669,3913220
31,522073,8445600
31,532783,50659700
31,533217,18348500
31,531633,12000000
31,500199,8622600
31,532907,38770880
31,533257,150414600
31,533033,2720610
31,509496,74475840
31,539542,6565780
31,504741,14534400
31,533329,26558700
31,521016,80934000
31,532717,2761200
31,532150,44919770
31,538835,67752410
31,533181,7660640
31,500259,16530000
31,532940,43129620
31,532605,15502100
31,522263,11081730
31,513691,141072960
31,532627,719520360
31,520051,41410720
31,534532,13478400
31,532850,106176000
31,532054,4227600
31,517569,39676470
31,532942,54839850
31,508922,15720000
31,532637,7755720
31,539450,28924200
31,502090,6528000
31,507315,23769800
31,526725,1892250
31,526885,37576350
31,539404,15027600
31,501423,3826280
31,539334,11181030
31,512131,76536200
31,538562,28648480
31,530943,13978000
31,532374,179224200
31,532679,7176000
31,539268,22000000
31,523301,2349000
31,532845,17864460
31,532513,6886810
31,539658,6496860
31,530199,2257500
31,500412,5938620
31,532349,25270410
31,517562,15464280
31,530131,73801250
31,532646,10519080
31,533171,147339390
31,533156,85508610
31,539331,6047910
31,511389,113716060
31,531717,17980200
31,517015,5569970
31,532553,72173570
31,511196,15173400
31,506395,105000840
31,532179,309705120
31,533144,86516850
31,534804,29440000
31,532175,60785640
31,533160,92438420
31,532772,239601960
31,523367,58469760
31,500117,114234120
31,500089,2570120
31,533309,30248440
31,532528,15916230
31,500645,43220450
31,532848,136658160
31,533137,81490920
31,532121,228273500
31,511072,156563000
31,500119,32530120
31,532180,159483720
31,519600,73165400
31,500878,19820500
31,500084,66278500
31,500280,16388250
31,500040,54731040
31,532443,5852700
31,500085,178952670
31,500110,49140630
31,534758,12906110
31,532210,571011750
31,506390,8309520
31,533288,21281520
31,506197,41258800
31,500067,52554700
31,501425,23722480
31,500020,95006100
31,532929,59682920
31,531373,22454880
31,532922,482683540
31,539597,101452050
31,505242,3107090
31,500207,50101260
31,504058,937500
31,500223,293081740
31,500378,118308980
31,532532,1508123340
31,539254,274952500
31,539056,21572460
31,539083,31068520
31,539276,5073120
31,539126,47145010
31,539289,11437090
31,539207,21742080
31,538962,73259200
31,539150,69265800
31,539141,11592420
31,539123,11666120
31,532719,67795200
31,530999,11016340
31,500041,5643000
31,517330,6945190
31,511505,2290540
31,539844,141728580
31,540025,15628200
31,539787,31713810
31,539301,13686720
31,506194,10701600
31,526173,53784610
31,532633,4419020
31,532141,90991200
31,532480,230543900
31,519183,9752460
31,531082,35740000
31,532628,624097440
31,532683,35841600
31,524348,9065660
31,524208,36954000
31,523204,30933450
31,500488,5312250
31,532268,3731500
31,500003,123580000
31,500215,10722360
31,513335,16905000
31,532762,31660800
31,538365,11691000
31,520077,119120150
31,532282,200404660
31,515055,109185520
31,532418,238407050
31,500013,80275020
31,532259,16168740
31,500877,285054000
31,532475,21941700
31,532914,5250000
31,500032,793492000
31,532382,34168500
31,500102,268764840
31,523319,43321520
31,500038,144555900
31,500039,22886080
31,532525,210300120
31,500043,60408160
31,500710,12949200
31,506235,96131520
31,533573,49014160
31,521070,881483520
31,532309,20840370
31,527001,45232720
31,532493,67557360
31,506820,6250000
31,532830,46709130
31,531795,10093780
31,500027,14534380
31,512573,14078650
31,500042,11687220
31,500048,19156700
31,532430,12807120
31,532930,18040500
31,533276,145755720
31,533229,48675000
31,500031,36440640
31,526666,4813810
31,500055,92871150
31,500335,28491850
31,517146,152371000
31,513216,55481400
31,532953,143844480
31,531266,3974400
31,533269,38739020
31,507880,66418990
31,509966,6485640
31,532156,10414720
31,511431,306954560
31,502986,21797560
31,523261,6198280
31,532401,219745900
31,524200,13929570
31,532660,42130400
31,532757,5362010
31,500575,231619500
31,533023,4742000
31,507410,17131500
31,532144,153831080
31,514162,271277100
31,500444,29722050
31,500238,31718000
31,538268,16385290
31,533287,122193180
31,532794,145944900
31,504067,13000990
31,531335,10549440
31,532927,19887500
31,502219,646800
31,517421,6258000
31,526817,1127750
31,539436,49440480
31,500052,79634880
31,500093,413652360
31,530843,5779800
31,540047,20515500
31,500472,24257180
31,533228,121395120
31,505192,5933520
31,507514,21191940
31,533121,4912800
31,523756,166018380
31,503806,27562080
31,502168,17817870
31,533569,72431320
31,533305,120609600
31,532710,90932630
31,539551,38828590
31,539332,38504160
31,500674,9212400
31,532663,10454800
31,534139,59776250
31,530075,9676000
31,539807,10690600
31,509874,7199480
31,532864,20010230
31,530377,149489340
31,532722,16409700
31,530549,26441910
31,523598,167687640
31,532638,27556650
31,524764,15341400
31,532670,390100620
31,539957,17780040
31,500315,121159500
31,523838,21767680
31,532795,206513320
31,532784,37558950
31,532725,24432300
31,531548,16104020
31,520057,95340960
31,532221,60992220
31,532218,1802312000
31,531859,2102100
31,500285,233785500
31,531723,128246160
31,539981,125616900
31,539940,32419660
31,539917,221284050
31,512531,6000000
31,508941,1680000
31,538771,27774180
31,531879,3347000
31,532531,54515090
31,532872,69128920
31,500403,105064000
31,539889,19346450
31,539302,4413300
31,512179,16371160
31,532509,65669500
31,509930,63513500
31,532904,12849000
31,500405,37635780
31,500336,16217470
31,530239,50912800
31,532667,3014639400
31,539351,31256320
31,503310,61930400
31,500407,6085800
31,517385,16789920
31,532276,208043970
31,505854,7263300
31,539636,12320360
31,532748,77708540
31,517506,3492300
31,532515,25651220
31,532800,651456800
31,539678,18924840
31,532390,15675250
31,533200,18417100
31,531426,42218710
31,532301,70972600
31,500408,17125900
31,501301,14875650
31,513434,12644000
31,513010,6930000
31,532371,488732000
31,540048,7802080
31,533326,94726350
31,500411,45279280
31,500413,117351040
31,532699,7897860
31,507205,56140200
31,522113,17000000
31,504966,26167000
31,532966,56551880
31,503169,4180000
31,533470,6480000
31,533540,21155500
31,500251,222654400
31,534369,17350060
31,521064,107011590
31,532356,82542400
31,533655,98991600
31,504973,93719000
31,532505,296348320
31,500148,38271830
31,533644,58000000
31,506690,45438500
31,538476,35176200
31,532834,54727270
31,532938,34095600
31,533260,7071870
31,524742,24176000
31,517544,5098400
31,532759,23635000
31,532668,12072500
31,533303,10170360
31,502355,40596780
31,503960,3617280
31,524370,34914240
31,522295,2820960
31,526807,6864750
31,532826,15573900
31,500355,97234500
31,500260,138084660
31,524230,110337600
31,520111,18691200
31,534597,525262600
31,533122,501998610
31,500330,35600980
31,532805,231911840
31,530517,27629900
31,523445,8305000
31,535322,39413430
31,532687,3380240
31,500366,80407040
31,500368,143663430
31,534809,44775000
31,523642,64665890
31,533344,224799050
31,532524,248646720
31,532689,35054250
31,533179,44800000
31,500680,16469280
31,506590,15510600
31,503100,55104120
31,533107,228223860
31,532254,21338310
31,531768,44996280
31,522205,102061920
31,506022,73854180
31,517447,15681880
31,500350,11539990
31,532497,79823400
31,500339,181626840
31,500338,125839250
31,532693,209220480
31,533295,80082200
31,532891,59287500
31,532780,126202490
31,531120,37678800
31,532718,57263280
31,533274,112500000
31,532782,3768090
31,532051,3638160
31,524470,429358600
31,533553,14292340
31,505196,4413200
31,509243,4211350
31,532890,41303470
31,532790,70021200
31,532804,6575000
31,505400,49696530
31,532856,92720270
31,526650,37129820
31,532928,3314000
31,500464,6634200
31,507878,1960975500
31,534976,8130600
31,519156,2515800
31,530961,151146000
31,534741,326221280
31,506146,118176000
31,509055,9846220
31,523660,16599290
31,508933,11772000
31,505163,2358980
31,533339,31635600
31,534742,10935080
31,517518,17746080
31,533343,5544000
31,506655,32536690
31,532711,245701950
31,524816,85410920
31,503811,3093420
31,532419,6088500
31,538635,98581920
31,513605,19484360
31,515043,22776500
31,513262,3728160
31,506222,4396500
31,532348,456217200
31,517168,20396260
31,524372,46261280
31,535754,127018780
31,502420,114580440
31,533317,9054320
31,538607,201865500
31,532880,45725250
31,532944,53204730
31,532391,174470400
31,534309,90000000
31,523630,49057800
31,532504,5972510
31,508989,88752040
31,532649,91947010
31,505355,4509440
31,532798,230328780
31,523385,5372280
31,532854,78912900
31,532481,126612600
31,500672,7035250
31,531209,12629760
31,532889,18474000
31,500233,84237140
31,522287,62919010
31,500235,17024670
31,532652,282687000
31,532899,29693650
31,530813,72970900
31,500249,11834720
31,532997,135675520
31,532967,17263280
31,533293,59291740
31,523207,25076000
31,532924,18943750
31,533482,23709440
31,531882,47471200
31,532796,5998080
31,500250,8161920
31,526947,16650000
31,500252,7230960
31,534690,168473360
31,532778,797304830
31,526596,6475200
31,517206,2430480
31,538685,6795500
31,533389,50289680
31,532776,25000000
31,520151,5928660
31,520086,18904680
31,522034,24514800
31,538666,22555000
31,535602,1486500
31,532368,290513720
31,531497,30255950
31,533152,21142050
31,513377,100000000
31,533286,26637600
31,532440,5957440
31,500266,5600210
31,534312,21105130
31,524000,75827200
31,533169,76725000
31,500108,277200000
31,500265,26800000
31,532756,94522000
31,533088,22195250
31,532313,25145575
31,513269,21699140
31,531213,437788000
31,502157,19219680
31,500268,94599450
31,524404,208750140
31,523704,11674500
31,532613,23126950
31,522249,14648960
31,532654,54728000
31,532629,14672260
31,526235,170031960
31,500126,7967520
31,532819,112558660
31,526642,31279560
31,532865,127157000
31,513446,34130560
31,524084,4833640
31,534091,43348300
31,520043,13998250
31,533398,99864000
31,500294,444745600
31,532529,25143690
31,500304,109395000
31,532541,42339780
31,500730,101421460
31,530367,43615350
31,500296,12622750
31,532641,18258620
31,500279,80466140
31,533080,17999150
31,532698,16500240
31,526415,7443200
31,531092,27928160
31,512626,10906760
31,513121,51825840
31,538836,7823520
31,500288,265175500
31,517140,141930240
31,532892,31584740
31,520059,12500000
31,513023,98216800
31,504112,11409000
31,524558,4263840
31,512559,9867760
31,524280,23789150
31,521248,21850000
31,517059,10157970
31,514234,20893660
31,526521,54994750
31,530073,22509760
31,504614,8647200
31,532163,7135230
31,502175,17989660
31,512529,82870240
31,532983,5457870
31,533284,6328280
31,530047,6419160
31,532369,39864980
31,532370,13356200
31,532527,14335000
31,520008,67642500
31,532815,25395600
31,533263,140561810
31,506579,5045040
31,532366,46802600
31,513228,77024000
31,517296,10647220
31,523648,4938100
31,532486,2666430
31,524051,15992500
31,526247,4606680
31,534675,51885020
31,506618,6744100
31,508814,10886400
31,512068,63228900
31,532760,11520000
31,533146,12426750
31,506401,70583940
31,532708,726436600
31,505714,64639800
31,533265,8470800
31,532622,81546000
31,532345,47618280
31,532767,74445000
31,506525,11360180
31,532285,77667480
31,532715,61680320
31,519602,16472400
31,501848,9891600
31,533104,7487740
31,511288,149241230
31,532775,1795860590
31,500163,14558600
31,533150,54090500
31,500168,5997420
31,532482,103972930
31,509488,68381600
31,500620,105543900
31,501455,119661430
31,530001,19093620
31,500173,35152000
31,532548,59986710
31,511243,60943740
31,532636,209614020
31,511208,141314850
31,533177,72371200
31,532947,151123500
31,523610,48000000
31,530773,266185320
31,517380,4285120
31,530005,221168880
31,500201,12075180
31,532832,245761360
31,532960,162760663
31,500241,27793150
31,532388,417303930
31,532612,37781500
31,532514,70000000
31,533154,7270120
31,532777,69036120
31,500210,8207680
31,532706,49193580
31,532851,6407080
31,517300,52937850
31,532181,82680000
31,570003,35166960
31,512579,561592150
31,500670,91697210
31,533248,275560800
31,500690,227132460
31,532702,287429880
31,538567,15383130
31,500179,93626400
31,509631,16383190
31,509675,4403170
31,500187,38316880
31,532662,69824400
31,533162,298978200
31,508486,2326720
31,500292,70250030
31,519552,13919400
31,532129,87588120
31,524735,18906230
31,500183,656869810
31,514043,42336510
31,532859,6637760
31,500185,515459040
31,513599,92521800
31,500186,91345100
31,523398,7069660
31,522064,3245760
31,517174,2210500
31,500193,111985920
31,532873,286442640
31,509820,22540720
31,532835,5000000
31,505726,10129750
31,500106,681435170
31,502330,9942500
31,524494,68147460
31,532644,23070300
31,514034,30292640
31,500380,63541800
31,532162,45228110
31,523405,269875000
31,532642,4329000
31,532714,125973120
31,532400,163924170
31,532539,25061510
31,530007,108870240
31,506943,37320800
31,533155,36271400
31,530019,70083640
31,535648,23642920
31,532926,59955720
31,532705,127495680
31,512237,48181230
31,570004,13505800
31,500219,317514540
31,532209,227845660
31,533207,388901240
31,509715,11839570
31,532617,28399250
31,500227,10946500
32,539450,28924200
32,507315,23769800
32,539351,31256320
32,531879,3347000
32,538771,27774180
32,532783,50659700
32,533192,68031000
32,504058,937500
32,532610,10921400
32,500166,5616000
32,507488,3801720
32,500097,20234750
32,519552,13919400
32,500696,714210750
32,523207,25076000
32,531882,47471200
32,531642,516148400
32,532926,59955720
32,530813,72970900
32,532899,29693650
32,507815,8146250
32,500676,11775680
32,533104,7487740
32,500163,14558600
32,532424,126022370
32,500096,563686720
32,500119,32530120
32,500125,96729050
32,531162,61281360
32,531508,40704720
32,501425,23722480
32,500825,58800490
32,519600,73165400
32,500830,133273140
32,512573,14078650
32,533229,48675000
32,500032,793492000
32,500038,144555900
32,500215,10722360
32,500875,8491296800
32,509715,11839570
32,500790,35673920
32,532654,54728000
32,512559,9867760
32,532497,79823400
32,524226,38987120
32,533400,914370600
32,540025,15628200
32,539889,19346450
32,509966,6485640
32,523261,6198280
32,531335,10549440
32,532478,68745300
32,532356,82542400
32,500368,143663430
32,507514,21191940
32,532670,390100620
32,532301,70972600
32,500800,416545800
32,507205,56140200
32,539207,21742080
32,500459,9413690
32,519156,2515800
32,523660,16599290
32,530843,5779800
32,519183,9752460
32,526173,53784610
32,500041,5643000
32,519588,3700740
33,539523,11956500
33,509079,15470000
33,539524,14951880
33,530199,2257500
33,532637,7755720
33,524164,16299740
33,531633,12000000
33,500259,16530000
33,539551,38828590
33,539268,22000000
33,506260,7266240
33,524742,24176000
33,524669,3913220
33,506197,41258800
33,500288,265175500
33,524280,23789150
33,532150,44919770
33,524558,4263840
33,532983,5457870
33,532815,25395600
33,512529,82870240
33,524470,429358600
33,539871,8595840
33,539787,31713810
33,524348,9065660
33,500488,5312250
33,532331,22881300
33,506235,96131520
33,533573,49014160
33,508869,76518750
33,506820,6250000
33,524804,269178200
33,532523,70000000
33,532321,255936250
33,500087,506817360
33,533288,21281520
33,532526,62943660
33,532488,127424640
33,500124,122592100
33,530549,26441910
33,532531,54515090
33,532872,69128920
33,524715,1079644500
33,530239,50912800
33,500680,16469280
33,500302,82830240
33,531768,44996280
33,500674,9212400
33,531599,55128230
33,532843,150105450
33,500660,21175750
33,532296,152370720
33,532482,103972930
33,524735,18906230
33,532612,37781500
33,524494,68147460
33,506943,37320800
33,530019,70083640
33,500257,239292350
33,524404,208750140
33,500126,7967520
33,524816,85410920
33,532649,91947010
33,500672,7035250
33,532391,174470400
33,524372,46261280
33,500420,49074670
33,506690,45438500
33,532660,42130400
33,532300,28742480
34,532628,624097440
34,532268,3731500
34,532475,21941700
34,532175,60785640
34,532528,15916230
34,526881,21657130
34,532809,305817300
34,500179,93626400
34,532281,564479200
34,534758,12906110
34,532129,87588120
34,532859,6637760
34,533154,7270120
34,500209,1998341280
34,532400,163924170
34,532368,290513720
34,532819,112558660
34,526299,84161600
34,500304,109395000
34,532541,42339780
34,531209,12629760
34,532466,22121060
34,533179,44800000
34,532254,21338310
34,517447,15681880
34,500366,80407040
34,533121,4912800
34,539807,10690600
34,532790,70021200
34,532890,41303470
34,533339,31635600
34,507685,632029580
34,504067,13000990
34,532927,19887500
34,532663,10454800
34,532221,60992220
34,532540,532015560
34,500408,17125900
34,532755,623000320
34,532633,4419020
34,532513,6886810
34,517562,15464280
34,532850,106176000
34,539678,18924840
34,532370,13356200
34,532419,6088500
34,532348,456217200
34,512161,9155400
34,532395,10950400
34,532668,12072500
34,533146,12426750
34,538835,67752410
34,533181,7660640
34,519602,16472400
34,523704,11674500
34,517140,141930240
34,504112,11409000
34,539289,11437090
35,500825,88155820
35,524804,269100089
35,505200,13329031
35,500790,53483630
35,500696,1070770574
35,500875,5863104766
35,500096,845099507
35,500124,122556526
35,532424,188937293
35,500300,322004742
35,500182,127768993
35,500510,802117930
35,500257,239222911
35,500520,465683826
35,532500,132876630
35,500325,1198353443
35,524715,1079331203
35,500570,1933865338
35,500470,669943886
35,532538,104274032
35,500547,1041430345
35,500530,8848522
35,500087,506670289
35,500425,774176830
35,500820,450692238
35,532977,135963494
35,512070,354762723
35,500440,1280791266
35,500104,995744457
35,500295,1096618465
36,532482,103972930
36,509488,68381600
36,500300,322098210
36,505710,70278860
36,532959,395569020
36,500620,105543900
36,501455,119661430
36,526797,55182150
36,506076,45395200
36,530001,19093620
36,524226,38987120
36,500173,35152000
36,517300,52937850
36,532181,82680000
36,533264,1325079250
36,522074,107749400
36,531162,61281360
36,519588,3700740
36,532178,276288340
36,532700,13824300
36,533261,23432750
36,500495,66191580
36,517080,54104520
36,500135,67578370
36,531508,40704720
36,508906,7865730
36,532511,6713660
36,500650,6034080
36,500086,459000000
36,531599,55128230
36,532768,4737600
36,505790,8142330
36,500139,16308100
36,500469,1687000420
36,500097,20234750
36,526881,21657130
36,533333,31164000
36,500144,74940110
36,500940,59565600
36,532809,305817300
36,533638,11695010
36,500033,5138640
36,532843,150105450
36,533400,914370600
36,536507,66502100
36,502137,3081760
36,523736,11208000
36,500171,81015390
36,511676,31233580
36,532754,2293659100
36,539524,14951880
36,532610,10921400
36,532543,14275520
36,511288,149241230
36,532775,1795860590
36,532708,726436600
36,505714,64639800
36,532155,625782480
36,533265,8470800
36,509550,84834810
36,500136,17512740
36,523574,142950720
36,509557,10503360
36,532622,81546000
36,532345,47618280
36,532767,74445000
36,530343,100238970
36,532285,77667480
36,507815,8146250
36,532715,61680320
36,500676,11775680
36,500660,21175750
36,532296,152370720
36,501848,9891600
36,533104,7487740
36,570002,11025000
36,500163,14558600
36,532424,126022370
36,500164,84035000
36,533150,54090500
36,507488,3801720
36,532630,18511840
36,530655,8802400
36,500168,5997420
36,523395,2816250
36,532628,624097440
36,512161,9155400
36,533292,60878580
36,500002,52977000
36,519600,73165400
36,500878,19820500
36,500084,66278500
36,522295,2820960
36,500092,23540550
36,532321,255936250
36,532834,54727270
36,511196,15173400
36,532483,203078600
36,532938,34095600
36,538476,35176200
36,524742,24176000
36,500067,52554700
36,524370,34914240
36,501425,23722480
36,500020,95006100
36,500530,8851090
36,532929,59682920
36,500825,58800490
36,531373,22454880
36,533160,92438420
36,532772,239601960
36,523367,58469760
36,500117,114234120
36,500089,2570120
36,532868,445993750
36,500096,563686720
36,533309,30248440
36,532528,15916230
36,512068,63228900
36,532760,11520000
36,500645,43220450
36,506401,70583940
36,532848,136658160
36,533137,81490920
36,532121,228273500
36,511072,156563000
36,500119,32530120
36,532180,159483720
36,507717,12505000
36,533260,7071870
36,532282,200404660
36,500870,197824000
36,517544,5098400
36,500280,16388250
36,532548,59986710
36,500040,54731040
36,532443,5852700
36,500085,178952670
36,500110,49140630
36,511243,60943740
36,534758,12906110
36,500087,506817360
36,532210,571011750
36,506390,8309520
36,533288,21281520
36,533278,1241481800
36,500830,133273140
36,531344,104799063
36,506395,105000840
36,532179,309705120
36,508814,10886400
36,535467,6229440
36,527001,45232720
36,523716,39917280
36,500477,1422938000
36,533271,80474070
36,532888,18653940
36,500820,450823060
36,533138,7021440
36,532493,67557360
36,506820,6250000
36,532830,46709130
36,532759,23635000
36,531795,10093780
36,500027,14534380
36,532668,12072500
36,524804,269178200
36,539302,4413300
36,512573,14078650
36,532215,1674526700
36,500042,11687220
36,500048,19156700
36,533303,10170360
36,532430,12807120
36,532930,18040500
36,539351,31256320
36,533276,145755720
36,532977,136002960
36,533229,48675000
36,500031,36440640
36,500410,93893500
36,532683,35841600
36,533758,13918100
36,524764,15341400
36,532395,10950400
36,524348,9065660
36,524208,36954000
36,523204,30933450
36,500488,5312250
36,532268,3731500
36,531859,2102100
36,532762,31660800
36,512599,274952500
36,532921,890509360
36,533096,1157081700
36,538365,11691000
36,500003,123580000
36,500215,10722360
36,532811,25455440
36,532331,22881300
36,513349,11000350
36,532351,94345700
36,500710,12949200
36,506235,96131520
36,533573,49014160
36,508941,1680000
36,538771,27774180
36,532749,73708800
36,532480,230543900
36,521070,881483520
36,526397,3427800
36,532309,20840370
36,522275,64011750
36,500008,81990240
36,531978,2919750
36,500425,774401550
36,520077,119120150
36,515055,109185520
36,532418,238407050
36,500013,80275020
36,506260,7266240
36,532259,16168740
36,523694,8709960
36,508869,76518750
36,500877,285054000
36,531879,3347000
36,532475,21941700
36,532914,5250000
36,516064,3404600
36,506074,39044750
36,500101,144681040
36,515030,111821860
36,534091,43348300
36,526415,7443200
36,531092,27928160
36,533317,9054320
36,533273,81483600
36,500312,2694979350
36,533106,184348450
36,538607,201865500
36,532880,45725250
36,532944,53204730
36,532391,174470400
36,532466,22121060
36,512626,10906760
36,524372,46261280
36,513121,51825840
36,520059,12500000
36,520043,13998250
36,533398,99864000
36,500294,444745600
36,532529,25143690
36,533098,2154457410
36,500304,109395000
36,532541,42339780
36,526371,790972500
36,500730,101421460
36,530367,43615350
36,532555,2473639500
36,500296,12622750
36,532641,18258620
36,524816,85410920
36,532234,463902960
36,534309,90000000
36,523630,49057800
36,513023,98216800
36,532504,5972510
36,508989,88752040
36,532649,91947010
36,504112,11409000
36,505355,4509440
36,500790,35673920
36,532798,230328780
36,524558,4263840
36,513683,152856800
36,523385,5372280
36,532854,78912900
36,532698,16500240
36,532481,126612600
36,500672,7035250
36,531209,12629760
36,535754,127018780
36,533263,140561810
36,502420,114580440
36,500315,121159500
36,506579,5045040
36,534809,44775000
36,523642,64665890
36,533344,224799050
36,532524,248646720
36,532689,35054250
36,532827,5688540
36,513228,77024000
36,533179,44800000
36,532522,375000000
36,500680,16469280
36,506590,15510600
36,517296,10647220
36,503100,55104120
36,500331,153802500
36,533107,228223860
36,500302,82830240
36,523648,4938100
36,532486,2666430
36,532254,21338310
36,531768,44996280
36,524051,15992500
36,532810,844826240
36,532898,2197267800
36,522205,102061920
36,506022,73854180
36,500179,93626400
36,517271,65780000
36,500268,94599450
36,531213,437788000
36,502157,19219680
36,500109,192785890
36,531642,516148400
36,524404,208750140
36,532500,132915200
36,523704,11674500
36,532613,23126950
36,522249,14648960
36,532654,54728000
36,532629,14672260
36,532865,127157000
36,526235,170031960
36,500126,7967520
36,513335,16905000
36,532819,112558660
36,532539,25061510
36,500279,80466140
36,526642,31279560
36,533080,17999150
36,513446,34130560
36,524084,4833640
36,538836,7823520
36,500288,265175500
36,517140,141930240
36,517334,477152940
36,532892,31584740
36,526299,84161600
36,538567,15383130
36,532702,287429880
36,533248,275560800
36,500690,227132460
36,500112,3189401600
36,539658,6496860
36,512531,6000000
36,500113,1032631250
36,530199,2257500
36,513262,3728160
36,500412,5938620
36,532531,54515090
36,506222,4396500
36,532348,456217200
36,517168,20396260
36,506655,32536690
36,532872,69128920
36,524715,1079644500
36,532733,82757850
36,532349,25270410
36,500403,105064000
36,532711,245701950
36,517562,15464280
36,512179,16371160
36,530131,73801250
36,532509,65669500
36,509930,63513500
36,532904,12849000
36,500405,37635780
36,532646,10519080
36,500336,16217470
36,520151,5928660
36,539268,22000000
36,511218,145205120
36,520086,18904680
36,500550,89030000
36,523838,21767680
36,523301,2349000
36,532795,206513320
36,503811,3093420
36,532419,6088500
36,538635,98581920
36,532784,37558950
36,532725,24432300
36,531548,16104020
36,520057,95340960
36,532221,60992220
36,532218,1802312000
36,532845,17864460
36,500285,233785500
36,532513,6886810
36,513605,19484360
36,515043,22776500
36,531723,128246160
36,509874,7199480
36,522034,24514800
36,538666,22555000
36,535602,1486500
36,532374,179224200
36,532679,7176000
36,538685,6795500
36,530549,26441910
36,533389,50289680
36,523598,167687640
36,532776,25000000
36,532638,27556650
36,500387,8709250
36,532670,390100620
36,532782,3768090
36,530239,50912800
36,532667,3014639400
36,503310,61930400
36,500407,6085800
36,532051,3638160
36,517385,16789920
36,524470,429358600
36,532276,208043970
36,533553,14292340
36,505196,4413200
36,505854,7263300
36,500770,175781640
36,532301,70972600
36,500483,71250000
36,532540,532015560
36,500408,17125900
36,500800,416545800
36,501301,14875650
36,513434,12644000
36,500570,1934426680
36,570001,503392230
36,500400,1812198580
36,513010,6930000
36,500470,670138350
36,532371,488732000
36,532755,623000320
36,532718,57263280
36,526247,4606680
36,533274,112500000
36,500338,125839250
36,500459,9413690
36,534675,51885020
36,532693,209220480
36,533295,80082200
36,506618,6744100
36,532461,744788800
36,532891,59287500
36,532983,5457870
36,533284,6328280
36,517447,15681880
36,500350,11539990
36,532826,15573900
36,531500,135819600
36,500355,97234500
36,500260,138084660
36,532369,39864980
36,532370,13356200
36,532527,14335000
36,524230,110337600
36,520111,18691200
36,534597,525262600
36,533122,501998610
36,500330,35600980
36,532805,231911840
36,530517,27629900
36,500111,121263840
36,532712,995592000
36,523445,8305000
36,500325,1654369110
36,500390,136754800
36,532939,701281500
36,532366,46802600
36,532780,126202490
36,531120,37678800
36,532497,79823400
36,530047,6419160
36,500339,181626840
36,535322,39413430
36,532687,3380240
36,520008,67642500
36,500366,80407040
36,500368,143663430
36,532955,770218020
36,526807,6864750
36,533206,413662600
36,500472,24257180
36,533228,121395120
36,505192,5933520
36,532815,25395600
36,507514,21191940
36,533121,4912800
36,523756,166018380
36,503806,27562080
36,533569,72431320
36,533305,120609600
36,532710,90932630
36,539334,11181030
36,512131,76536200
36,517059,10157970
36,538562,28648480
36,514234,20893660
36,526521,54994750
36,530073,22509760
36,500674,9212400
36,504614,8647200
36,532163,7135230
36,532663,10454800
36,502175,17989660
36,534139,59776250
36,530075,9676000
36,512529,82870240
36,530943,13978000
36,505200,13332900
36,500123,1982000
36,533144,86516850
36,534804,29440000
36,500670,91697210
36,570003,35166960
36,505700,48246000
36,500128,139212450
36,512579,561592150
36,500124,122592100
36,523618,7280000
36,505242,3107090
36,500125,96729050
36,500840,177186390
36,523754,12452850
36,532922,482683540
36,522163,37493960
36,532839,383736600
36,532526,62943660
36,532488,127424640
36,500480,135828000
36,532175,60785640
36,533146,12426750
36,532281,564479200
36,500180,2022460830
36,509631,16383190
36,524669,3913220
36,509675,4403170
36,500187,38316880
36,532662,69824400
36,533162,298978200
36,500166,5616000
36,517354,237444900
36,508486,2326720
36,500292,70250030
36,509079,15470000
36,519552,13919400
36,500182,127806080
36,532129,87588120
36,523768,17052000
36,524735,18906230
36,500183,656869810
36,514043,42336510
36,500440,1390796400
36,532859,6637760
36,539336,39926620
36,500185,515459040
36,513599,92521800
36,533217,18348500
36,500186,91345100
36,500104,497781690
36,500696,714210750
36,523398,7069660
36,522064,3245760
36,517174,2210500
36,500193,111985920
36,532873,286442640
36,500010,1585931000
36,514010,19837500
36,509820,22540720
36,532174,5822076000
36,532835,5000000
36,500116,370586700
36,500184,108786080
36,505726,10129750
36,500106,681435170
36,526217,4465760
36,500199,8622600
36,532636,209614020
36,532907,38770880
36,511208,141314850
36,533177,72371200
36,533257,150414600
36,532947,151123500
36,533033,2720610
36,500875,8491296800
36,509496,74475840
36,523610,48000000
36,530773,266185320
36,532822,1260591150
36,517380,4285120
36,539437,1324884210
36,530005,221168880
36,500201,12075180
36,535789,305131680
36,532832,245761360
36,532960,162760663
36,532814,86452560
36,500850,603457140
36,504741,14534400
36,530965,1019739840
36,532388,417303930
36,533329,26558700
36,521016,80934000
36,532717,2761200
36,532612,37781500
36,532514,70000000
36,532150,44919770
36,532187,496393120
36,533154,7270120
36,532777,69036120
36,500209,1998341280
36,500210,8207680
36,532706,49193580
36,532851,6407080
36,538835,67752410
36,502330,9942500
36,533181,7660640
36,532659,1340587920
36,524494,68147460
36,532940,43129620
36,530007,108870240
36,506943,37320800
36,532644,23070300
36,514034,30292640
36,532605,15502100
36,500380,63541800
36,532162,45228110
36,523405,269875000
36,522263,11081730
36,513691,141072960
36,533148,410013750
36,532642,4329000
36,500228,1039404600
36,539636,12320360
36,532705,127495680
36,512237,48181230
36,500219,317514540
36,570004,13505800
36,532532,1508123340
36,532627,719520360
36,532209,227845660
36,520051,41410720
36,532748,77708540
36,533207,388901240
36,509715,11839570
36,539678,18924840
36,532617,28399250
36,500227,10946500
36,532286,347709120
36,533155,36271400
36,530019,70083640
36,535648,23642920
36,532926,59955720
36,532699,7897860
36,532054,4227600
36,532714,125973120
36,517569,39676470
36,532942,54839850
36,532400,163924170
36,532889,18474000
36,530813,72970900
36,500249,11834720
36,532997,135675520
36,503169,4180000
36,533470,6480000
36,500233,84237140
36,522287,62919010
36,539450,28924200
36,500235,17024670
36,506525,11360180
36,500165,140119200
36,532652,282687000
36,532899,29693650
36,519602,16472400
36,502090,6528000
36,507315,23769800
36,532967,17263280
36,500241,27793150
36,526725,1892250
36,533293,59291740
36,521248,21850000
36,512559,9867760
36,523207,25076000
36,532924,18943750
36,524280,23789150
36,500247,1048723620
36,533482,23709440
36,531882,47471200
36,533519,544273820
36,500250,8161920
36,500253,302797800
36,526885,37576350
36,526947,16650000
36,500252,7230960
36,534690,168473360
36,532778,797304830
36,500510,802350760
36,526596,6475200
36,539404,15027600
36,517518,17746080
36,533343,5544000
36,532796,5998080
36,517206,2430480
36,500257,239292350
36,532368,290513720
36,501423,3826280
36,533152,21142050
36,513377,100000000
36,533286,26637600
36,532440,5957440
36,500290,2459780
36,534312,21105130
36,531497,30255950
36,524000,75827200
36,500108,277200000
36,500266,5600210
36,500265,26800000
36,532720,273007200
36,500520,465819000
36,532756,94522000
36,533088,22195250
36,532313,25145575
36,513269,21699140
36,533169,76725000
36,539056,21572460
36,539254,274952500
36,539126,47145010
36,539083,31068520
36,539276,5073120
36,540025,15628200
36,502355,40596780
36,500102,268764840
36,523319,43321520
36,500038,144555900
36,500039,22886080
36,532525,210300120
36,532134,944705600
36,532149,232032900
36,500043,60408160
36,506285,10959740
36,509480,242738250
36,503960,3617280
36,500049,558407500
36,500493,123380820
36,500103,905612000
36,500547,520620480
36,532454,1319142000
36,534816,517890240
36,526666,4813810
36,500055,92871150
36,532523,70000000
36,500335,28491850
36,506197,41258800
36,526612,5932000
36,539981,125616900
36,539940,32419660
36,539787,31713810
36,539807,10690600
36,539917,221284050
36,539957,17780040
36,540047,20515500
36,539844,141728580
36,539876,413652360
36,539871,8595840
36,539874,29820750
36,540048,7802080
36,539889,19346450
36,502168,17817870
36,539332,38504160
36,532864,20010230
36,539551,38828590
36,530377,149489340
36,532722,16409700
36,532553,72173570
36,533156,85508610
36,533171,147339390
36,539331,6047910
36,517015,5569970
36,531717,17980200
36,530843,5779800
36,532885,304347360
36,500093,413652360
36,539436,49440480
36,526817,1127750
36,511505,2290540
36,517330,6945190
36,532382,34168500
36,500490,58985820
36,500032,793492000
36,532978,60469780
36,500034,214441890
36,500378,118308980
36,502937,59807190
36,539597,101452050
36,532508,95872800
36,533320,3693650
36,533193,35199420
36,533192,68031000
36,524019,3027750
36,500041,5643000
36,506194,10701600
36,539301,13686720
36,500052,79634880
36,517421,6258000
36,502219,646800
36,500207,50101260
36,504058,937500
36,539448,36146800
36,524164,16299740
36,500223,293081740
36,524200,13929570
36,539207,21742080
36,539289,11437090
36,539150,69265800
36,538962,73259200
36,500303,54702480
36,531082,35740000
36,519183,9752460
36,535755,315795120
36,539523,11956500
36,532633,4419020
36,532141,90991200
36,526173,53784610
36,532719,67795200
36,530999,11016340
36,534742,10935080
36,531335,10549440
36,532927,19887500
36,507410,17131500
36,523660,16599290
36,532144,153831080
36,514162,271277100
36,508933,11772000
36,500444,29722050
36,500238,31718000
36,507685,632029580
36,532300,28742480
36,538268,16385290
36,532648,356059080
36,505163,2358980
36,505537,547455930
36,533287,122193180
36,532794,145944900
36,533339,31635600
36,504067,13000990
36,534741,326221280
36,506146,118176000
36,509055,9846220
36,532660,42130400
36,532757,5362010
36,500575,231619500
36,533023,4742000
36,511389,113716060
36,532401,219745900
36,530961,151146000
36,532804,6575000
36,505400,49696530
36,533326,94726350
36,522073,8445600
36,500411,45279280
36,500413,117351040
36,513216,55481400
36,532953,143844480
36,534976,8130600
36,531266,3974400
36,533269,38739020
36,519156,2515800
36,507880,66418990
36,509966,6485640
36,532156,10414720
36,511431,306954560
36,502986,21797560
36,500295,1096936780
36,523261,6198280
36,517506,3492300
36,532515,25651220
36,532800,651456800
36,532343,199536960
36,509243,4211350
36,532390,15675250
36,532890,41303470
36,533200,18417100
36,531426,42218710
36,532790,70021200
36,507205,56140200
36,532856,92720270
36,522113,17000000
36,504966,26167000
36,532966,56551880
36,500114,417259420
36,500420,49074670
36,532779,168215950
36,526650,37129820
36,532928,3314000
36,533540,21155500
36,500251,222654400
36,534369,17350060
36,521064,107011590
36,532356,82542400
36,533655,98991600
36,504973,93719000
36,532505,296348320
36,512070,354865700
36,500464,6634200
36,500148,38271830
36,533644,58000000
36,532538,104304300
36,506690,45438500
36,532477,254353170
36,507878,1960975500
36,532478,68745300
36,517146,152371000
36,532783,50659700
36,531633,12000000
36,539542,6565780
36,500259,16530000
36,534532,13478400
36,532850,106176000
36,508922,15720000
36,532637,7755720
36,500271,112253400
36,539141,11592420
36,539123,11666120
37,527001,45232720
37,533138,7021440
37,500027,14534380
37,500042,11687220
37,500102,268764840
37,506285,10959740
37,500055,92871150
37,500335,28491850
37,524370,34914240
37,532834,54727270
37,532548,59986710
37,500040,54731040
37,500085,178952670
37,506390,8309520
37,506395,105000840
37,508814,10886400
37,500117,114234120
37,500089,2570120
37,533309,30248440
37,512068,63228900
37,500645,43220450
37,506401,70583940
37,507717,12505000
37,500123,1982000
37,508906,7865730
37,532511,6713660
37,500650,6034080
37,533333,31164000
37,500171,81015390
37,533265,8470800
37,500410,93893500
37,524208,36954000
37,538365,11691000
37,500425,774401550
37,532914,5250000
37,500164,84035000
37,505710,70278860
37,533286,26637600
37,500268,94599450
37,502157,19219680
37,532865,127157000
37,513446,34130560
37,524084,4833640
37,526797,55182150
37,530001,19093620
37,500173,35152000
37,500670,91697210
37,500690,227132460
37,509675,4403170
37,500292,70250030
37,500440,1390796400
37,513599,92521800
37,500199,8622600
37,530005,221168880
37,500201,12075180
37,504741,14534400
37,532851,6407080
37,502330,9942500
37,532644,23070300
37,514034,30292640
37,500380,63541800
37,532162,45228110
37,500228,1039404600
37,512237,48181230
37,500227,10946500
37,532286,347709120
37,500235,17024670
37,506525,11360180
37,532967,17263280
37,524200,13929570
37,509055,9846220
37,500444,29722050
37,534742,10935080
37,526521,54994750
37,504614,8647200
37,502175,17989660
37,538666,22555000
37,500387,8709250
37,532725,24432300
37,515043,22776500
37,500113,1032631250
37,500355,97234500
37,500260,138084660
37,532369,39864980
37,524230,110337600
37,526371,790972500
37,500730,101421460
37,532234,463902960
37,523630,49057800
37,532504,5972510
37,533317,9054320
37,513121,51825840
37,535754,127018780
37,502420,114580440
37,506579,5045040
37,523642,64665890
37,513228,77024000
37,506590,15510600
37,500331,153802500
37,523648,4938100
37,532486,2666430
37,524051,15992500
37,506022,73854180
37,526247,4606680
37,500338,125839250
37,506618,6744100
37,500339,181626840
37,506222,4396500
37,506655,32536690
37,500405,37635780
37,531426,42218710
37,500770,175781640
37,513434,12644000
37,513010,6930000
37,500470,670138350
37,512070,354865700
37,532538,104304300
37,513216,55481400
37,500295,1096936780
37,530961,151146000
37,500300,322098210
37,539917,221284050
37,500136,17512740
37,532141,90991200
37,500052,79634880
37,530999,11016340
37,530131,73801250
37,523301,2349000
37,526817,1127750
37,502137,3081760
37,523736,11208000
37,500184,108786080
37,523768,17052000
37,531717,17980200
37,532646,10519080
37,500412,5938620
37,539334,11181030
37,502090,6528000
37,524764,15341400
37,533320,3693650
37,502168,17817870
37,533470,6480000
37,532508,95872800
38,506194,10701600
38,539436,49440480
38,523574,142950720
38,502219,646800
38,517421,6258000
38,532719,67795200
38,539301,13686720
38,535755,315795120
38,532748,77708540
38,532722,16409700
38,530377,149489340
38,539876,413652360
38,540048,7802080
38,500223,293081740
38,500207,50101260
38,534532,13478400
38,539542,6565780
38,508922,15720000
38,514010,19837500
38,570002,11025000
38,533160,92438420
38,532868,445993750
38,533137,81490920
38,532839,383736600
38,500840,177186390
38,505200,13332900
38,532700,13824300
38,533261,23432750
38,500086,459000000
38,532768,4737600
38,505714,64639800
38,509557,10503360
38,532715,61680320
38,533150,54090500
38,532630,18511840
38,500168,5997420
38,532662,69824400
38,533162,298978200
38,508486,2326720
38,500182,127806080
38,514043,42336510
38,500033,5138640
38,536507,66502100
38,533217,18348500
38,523398,7069660
38,500193,111985920
38,532873,286442640
38,520059,12500000
38,520043,13998250
38,532529,25143690
38,500296,12622750
38,532641,18258620
38,508989,88752040
38,533155,36271400
38,535648,23642920
38,532054,4227600
38,532889,18474000
38,500233,84237140
38,500165,140119200
38,505726,10129750
38,517380,4285120
38,532832,245761360
38,500850,603457140
38,533329,26558700
38,521016,80934000
38,532777,69036120
38,532706,49193580
38,530007,108870240
38,532605,15502100
38,513691,141072960
38,532705,127495680
38,520051,41410720
38,533293,59291740
38,521248,21850000
38,532924,18943750
38,500250,8161920
38,526947,16650000
38,526596,6475200
38,533343,5544000
38,532796,5998080
38,517206,2430480
38,500290,2459780
38,534312,21105130
38,500266,5600210
38,500520,465819000
38,533088,22195250
38,532313,25145575
38,532500,132915200
38,522249,14648960
38,532539,25061510
38,500279,80466140
38,526642,31279560
38,538836,7823520
38,517334,477152940
38,532811,25455440
38,513349,11000350
38,500710,12949200
38,521070,881483520
38,500008,81990240
38,531978,2919750
38,520077,119120150
38,515055,109185520
38,500013,80275020
38,500877,285054000
38,500101,144681040
38,515030,111821860
38,535467,6229440
38,523716,39917280
38,532888,18653940
38,500820,450823060
38,531795,10093780
38,532977,136002960
38,500031,36440640
38,532382,34168500
38,502355,40596780
38,500039,22886080
38,500043,60408160
38,509480,242738250
38,526666,4813810
38,500067,52554700
38,500020,95006100
38,500530,8851090
38,532929,59682920
38,531373,22454880
38,500878,19820500
38,533260,7071870
38,532282,200404660
38,500280,16388250
38,532443,5852700
38,532845,17864460
38,539658,6496860
38,533156,85508610
38,526725,1892250
38,503169,4180000
38,539636,12320360
38,532679,7176000
38,526885,37576350
38,530943,13978000
38,532699,7897860
38,532509,65669500
38,500403,105064000
38,512179,16371160
38,513262,3728160
38,517168,20396260
38,532733,82757850
38,509874,7199480
38,522034,24514800
38,535602,1486500
38,532782,3768090
38,503310,61930400
38,500407,6085800
38,517385,16789920
38,517506,3492300
38,532515,25651220
38,532800,651456800
38,532343,199536960
38,509243,4211350
38,532390,15675250
38,533200,18417100
38,522073,8445600
38,500413,117351040
38,500114,417259420
38,533540,21155500
38,500251,222654400
38,534369,17350060
38,521064,107011590
38,504973,93719000
38,500464,6634200
38,507878,1960975500
38,534976,8130600
38,507880,66418990
38,532156,10414720
38,511431,306954560
38,502986,21797560
38,511389,113716060
38,534741,326221280
38,506146,118176000
38,533023,4742000
38,514162,271277100
38,508933,11772000
38,500238,31718000
38,538268,16385290
38,505163,2358980
38,505537,547455930
38,533287,122193180
38,532794,145944900
38,538685,6795500
38,532776,25000000
38,532638,27556650
38,532795,206513320
38,503811,3093420
38,532784,37558950
38,531548,16104020
38,520057,95340960
38,503806,27562080
38,533569,72431320
38,533305,120609600
38,514234,20893660
38,532163,7135230
38,503100,55104120
38,533144,86516850
38,533274,112500000
38,534675,51885020
38,532891,59287500
38,500350,11539990
38,530047,6419160
38,532826,15573900
38,531500,135819600
38,500330,35600980
38,530517,27629900
38,520008,67642500
38,534809,44775000
38,532689,35054250
38,532827,5688540
38,532780,126202490
38,532698,16500240
38,526415,7443200
38,533273,81483600
38,532880,45725250
38,512626,10906760
38,539056,21572460
38,539276,5073120
38,538962,73259200
38,539141,11592420
39,523204,30933450
39,500003,123580000
39,526397,3427800
39,500547,520620480
39,500870,197824000
39,500110,49140630
39,533278,1241481800
39,532760,11520000
39,532543,14275520
39,532181,82680000
39,512579,561592150
39,570003,35166960
39,538567,15383130
39,500186,91345100
39,500104,497781690
39,530965,1019739840
39,500109,192785890
39,500312,2694979350
39,533106,184348450
39,532522,375000000
39,500325,1654369110
39,530075,9676000
39,539336,39926620
40,539404,15027600
40,533171,147339390
40,500271,112253400
40,539437,1324884210
40,532659,1340587920
40,532480,230543900
40,532418,238407050
40,532215,1674526700
40,533303,10170360
40,500034,214441890
40,532978,60469780
40,500490,58985820
40,532525,210300120
40,532134,944705600
40,532149,232032900
40,500092,23540550
40,511196,15173400
40,532483,203078600
40,532938,34095600
40,538476,35176200
40,511243,60943740
40,532210,571011750
40,532179,309705120
40,534804,29440000
40,500180,2022460830
40,500010,1585931000
40,532174,5822076000
40,532835,5000000
40,500116,370586700
40,500106,681435170
40,532636,209614020
40,511208,141314850
40,535789,305131680
40,532960,162760663
40,532814,86452560
40,532388,417303930
40,532187,496393120
40,523405,269875000
40,532642,4329000
40,532772,239601960
40,532121,228273500
40,511072,156563000
40,532180,159483720
40,532922,482683540
40,500469,1687000420
40,511676,31233580
40,511288,149241230
40,532285,77667480
40,532652,282687000
40,500247,1048723620
40,533519,544273820
40,500253,302797800
40,534690,168473360
40,524000,75827200
40,532720,273007200
40,531213,437788000
40,532892,31584740
40,534091,43348300
40,533398,99864000
40,532798,230328780
40,538607,201865500
40,500315,121159500
40,532209,227845660
40,532366,46802600
40,533344,224799050
40,532810,844826240
40,533295,80082200
40,532461,744788800
40,500111,121263840
40,533228,121395120
40,523756,166018380
40,535322,39413430
40,532955,770218020
40,500112,3189401600
40,511218,145205120
40,532218,1802312000
40,531723,128246160
40,532276,208043970
40,501301,14875650
40,526650,37129820
40,532505,296348320
40,532477,254353170
40,532401,219745900
40,532648,356059080
40,539123,11666120
40,532885,304347360
40,531082,35740000
40,511505,2290540
40,539844,141728580
40,539981,125616900
40,539874,29820750
41,500303,54702480
41,500093,413652360
41,532959,395569020
41,534309,90000000
41,531859,2102100
41,517080,54104520
41,540047,20515500
41,539940,32419660
41,517330,6945190
41,539083,31068520
41,539126,47145010
41,539150,69265800
41,500480,135828000
41,523367,58469760
41,532848,136658160
41,522163,37493960
41,523618,7280000
41,505242,3107090
41,523754,12452850
41,505700,48246000
41,500128,139212450
41,533264,1325079250
41,522074,107749400
41,532749,73708800
41,532309,20840370
41,532259,16168740
41,523694,8709960
41,523395,2816250
41,500002,52977000
41,532683,35841600
41,533758,13918100
41,516064,3404600
41,506074,39044750
41,500477,1422938000
41,533271,80474070
41,532493,67557360
41,532830,46709130
41,532759,23635000
41,500048,19156700
41,532930,18040500
41,533276,145755720
41,523319,43321520
41,503960,3617280
41,500049,558407500
41,500493,123380820
41,500103,905612000
41,526612,5932000
41,533152,21142050
41,513377,100000000
41,532440,5957440
41,531497,30255950
41,500265,26800000
41,532756,94522000
41,513269,21699140
41,533169,76725000
41,500241,27793150
41,533482,23709440
41,500252,7230960
41,500510,802350760
41,517518,17746080
41,532714,125973120
41,517569,39676470
41,532942,54839850
41,500249,11834720
41,532940,43129620
41,522263,11081730
41,500219,317514540
41,570004,13505800
41,532532,1508123340
41,533207,388901240
41,532617,28399250
41,532907,38770880
41,533177,72371200
41,533257,150414600
41,532947,151123500
41,533033,2720610
41,509496,74475840
41,530773,266185320
41,532717,2761200
41,500210,8207680
41,509488,68381600
41,500620,105543900
41,501455,119661430
41,532622,81546000
41,532345,47618280
41,532767,74445000
41,530343,100238970
41,501848,9891600
41,530655,8802400
41,500185,515459040
41,522064,3245760
41,517174,2210500
41,509820,22540720
41,506076,45395200
41,533248,275560800
41,517271,65780000
41,509631,16383190
41,500187,38316880
41,517354,237444900
41,522295,2820960
41,532762,31660800
41,512599,274952500
41,532921,890509360
41,517544,5098400
41,531344,104799063
41,532178,276288340
41,500495,66191580
41,500135,67578370
41,505790,8142330
41,500139,16308100
41,500144,74940110
41,500940,59565600
41,533638,11695010
41,509550,84834810
41,500378,118308980
41,539448,36146800
41,526217,4465760
41,508941,1680000
41,539302,4413300
41,532864,20010230
41,524019,3027750
41,533193,35199420
41,539332,38504160
41,502937,59807190
41,539597,101452050
41,531092,27928160
41,507410,17131500
41,532144,153831080
41,500570,1934426680
41,570001,503392230
41,531120,37678800
41,517296,10647220
41,533107,228223860
41,522205,102061920
41,532854,78912900
41,532481,126612600
41,522287,62919010
41,532613,23126950
41,532629,14672260
41,526235,170031960
41,513335,16905000
41,533080,17999150
41,500294,444745600
41,530367,43615350
41,505355,4509440
41,523385,5372280
41,532718,57263280
41,532693,209220480
41,533284,6328280
41,532527,14335000
41,520111,18691200
41,532805,231911840
41,523445,8305000
41,532687,3380240
41,517059,10157970
41,530073,22509760
41,534139,59776250
41,533389,50289680
41,523598,167687640
41,520151,5928660
41,520086,18904680
41,500550,89030000
41,523838,21767680
41,532711,245701950
41,509930,63513500
41,532904,12849000
41,500336,16217470
41,532667,3014639400
41,532051,3638160
41,533553,14292340
41,505196,4413200
41,505854,7263300
41,526807,6864750
41,500472,24257180
41,505192,5933520
41,532710,90932630
41,538635,98581920
41,500285,233785500
41,513605,19484360
41,512531,6000000
41,532804,6575000
41,505400,49696530
41,533326,94726350
41,500411,45279280
41,532856,92720270
41,522113,17000000
41,504966,26167000
41,532966,56551880
41,532928,3314000
41,533655,98991600
41,500148,38271830
41,533644,58000000
41,517146,152371000
41,532953,143844480
41,531266,3974400
41,532757,5362010
41,500575,231619500
41,501423,3826280
41,512131,76536200
41,532553,72173570
41,532349,25270410
41,538562,28648480
41,539331,6047910
42,500470,670138350
42,532755,623000320
42,532538,104304300
42,500295,1096936780
42,507685,632029580
42,500410,93893500
42,524715,1079644500
42,532540,532015560
42,500570,1934426680
42,570001,503392230
42,532921,890509360
42,500425,774401550
42,500820,450823060
42,524804,269178200
42,532215,1674526700
42,532977,136002960
42,532134,944705600
42,500103,905612000
42,500547,520620480
42,532454,1319142000
42,534816,517890240
42,500530,8851090
42,500087,506817360
42,533278,1241481800
42,532868,445993750
42,500096,563686720
42,500124,122592100
42,505200,13332900
42,532155,625782480
42,532424,126022370
42,500300,322098210
42,532281,564479200
42,500180,2022460830
42,500182,127806080
42,500440,1390796400
42,500696,714210750
42,500010,1585931000
42,532174,5822076000
42,500875,8491296800
42,532822,1260591150
42,530965,1019739840
42,532187,496393120
42,500209,1998341280
42,500247,1048723620
42,500510,802350760
42,500257,239292350
42,500520,465819000
42,532500,132915200
42,517334,477152940
42,533098,2154457410
42,526371,790972500
42,532555,2473639500
42,500790,35673920
42,500312,2694979350
42,533106,184348450
42,532810,844826240
42,532898,2197267800
42,532461,744788800
42,500325,1654369110
42,532955,770218020
42,500387,8709250
42,500550,89030000
42,500112,3189401600
42,532321,255936250
42,539448,36146800
42,500034,214441890
42,500825,58800490
42,500114,417259420
42,500331,153802500
42,505537,547455930
42,532648,356059080
43,500390,136754800
43,500400,1812198580
43,531500,135819600
43,532522,375000000
43,517354,237444900
43,532827,5688540
43,511218,145205120
43,500770,175781640
43,500830,133273140
43,531344,104799063
43,500480,135828000
43,532488,127424640
43,500086,459000000
43,532296,152370720
43,500104,497781690
43,535789,305131680
43,500228,1039404600
43,500253,302797800
43,532720,273007200
43,531642,516148400
43,532466,22121060
43,508869,76518750
43,500477,1422938000
43,532978,60469780
43,500493,123380820
43,512070,354865700
43,500049,558407500
43,500008,81990240
43,500290,2459780
43,500302,82830240
44,532843,150105450
44,532622,81546000
44,530019,70083640
44,500233,84237140
44,535322,39413430
44,532800,651456800
44,500408,17125900
44,533023,4742000
44,532689,35054250
44,531213,437788000
44,533398,99864000
44,502355,40596780
44,532178,276288340
44,511243,60943740
44,500043,60408160
44,534804,29440000
44,532772,239601960
44,511072,156563000
44,532839,383736600
44,533573,49014160
44,500877,285054000
44,500101,144681040
44,532683,35841600
44,532400,163924170
44,533155,36271400
44,533248,275560800
44,532702,287429880
44,524494,68147460
44,500219,317514540
44,500469,1687000420
44,511288,149241230
44,500084,66278500
44,500040,54731040
44,532947,151123500
44,530005,221168880
44,532514,70000000
44,511431,306954560
44,500575,231619500
44,532927,19887500
44,532819,112558660
44,534091,43348300
44,500294,444745600
44,524816,85410920
44,523642,64665890
44,500355,97234500
44,500260,138084660
44,532805,231911840
44,533228,121395120
44,503806,27562080
44,532218,1802312000
44,532531,54515090
44,532872,69128920
44,532667,3014639400
44,533179,44800000
44,500027,14534380
44,500093,413652360
44,533309,30248440
44,532922,482683540
44,532659,1340587920
45,517015,5569970
45,532351,94345700
45,532454,1319142000
45,534816,517890240
45,532775,1795860590
45,500183,656869810
45,523610,48000000
45,532822,1260591150
45,500108,277200000
45,532944,53204730
45,532712,995592000
45,500483,71250000
45,532371,488732000
45,532374,179224200
46,533292,60878580
46,533096,1157081700
46,522275,64011750
46,532430,12807120
46,500084,66278500
46,532754,2293659100
46,532708,726436600
46,532155,625782480
46,517300,52937850
46,532702,287429880
46,532514,70000000
46,533148,410013750
46,532627,719520360
46,532997,135675520
46,532778,797304830
46,533098,2154457410
46,532555,2473639500
46,513023,98216800
46,513683,152856800
46,533263,140561810
46,532524,248646720
46,532898,2197267800
46,534597,525262600
46,533122,501998610
46,500390,136754800
46,532939,701281500
46,533206,413662600
46,500400,1812198580
46,532779,168215950
46,533269,38739020
46,539957,17780040
46,539254,274952500
47,500820,450823060
47,532215,1674526700
47,500425,774401550
47,532921,890509360
47,524804,269178200
47,532977,136002960
47,500034,214441890
47,500547,520620480
47,532454,1319142000
47,534816,517890240
47,500530,8851090
47,500087,506817360
47,533278,1241481800
47,500124,122592100
47,505200,13332900
47,532155,625782480
47,532424,126022370
47,500300,322098210
47,532281,564479200
47,500180,2022460830
47,500182,127806080
47,500696,714210750
47,500010,1585931000
47,532174,5822076000
47,500875,8491296800
47,535789,305131680
47,530965,1019739840
47,532187,496393120
47,500209,1998341280
47,500247,1048723620
47,500510,802350760
47,500257,239292350
47,500520,465819000
47,532500,132915200
47,532555,2473639500
47,500790,35673920
47,500312,2694979350
47,532898,2197267800
47,500325,1654369110
47,500112,3189401600
47,524715,1079644500
47,532540,532015560
47,500570,1934426680
47,570001,503392230
47,500470,670138350
47,532755,623000320
47,500114,417259420
47,532538,104304300
47,507685,632029580
47,532648,356059080
47,505537,547455930
48,531344,104799063
48,500096,563686720
48,532488,127424640
48,532868,445993750
48,500480,135828000
48,500830,133273140
48,532321,255936250
48,500825,58800490
48,500103,905612000
48,500086,459000000
48,500676,11775680
48,532296,152370720
48,500440,1390796400
48,500104,497781690
48,532822,1260591150
48,500228,1039404600
48,526371,790972500
48,500331,153802500
48,532466,22121060
48,532478,68745300
48,512070,354865700
48,500800,416545800
48,500770,175781640
48,500295,1096936780
48,500400,1812198580
48,500387,8709250
48,511218,145205120
48,500550,89030000
48,532955,770218020
48,500390,136754800
48,500302,82830240
48,532810,844826240
48,532461,744788800
48,500111,121263840
48,532712,995592000
48,533106,184348450
48,500410,93893500
48,500477,1422938000
48,508869,76518750
48,532978,60469780
48,500253,302797800
48,500290,2459780
48,500493,123380820
48,517334,477152940
48,532720,273007200
48,531642,516148400
48,500490,58985820
48,532134,944705600
48,517354,237444900
48,532522,375000000
